-- phpMyAdmin SQL Dump
-- version 4.8.5
-- https://www.phpmyadmin.net/
--
-- Host: localhost:3306
-- Generation Time: Sep 16, 2019 at 08:43 PM
-- Server version: 5.7.27-cll-lve
-- PHP Version: 7.2.7

SET SQL_MODE = "NO_AUTO_VALUE_ON_ZERO";
SET AUTOCOMMIT = 0;
START TRANSACTION;
SET time_zone = "+00:00";


/*!40101 SET @OLD_CHARACTER_SET_CLIENT=@@CHARACTER_SET_CLIENT */;
/*!40101 SET @OLD_CHARACTER_SET_RESULTS=@@CHARACTER_SET_RESULTS */;
/*!40101 SET @OLD_COLLATION_CONNECTION=@@COLLATION_CONNECTION */;
/*!40101 SET NAMES utf8mb4 */;

--
-- Database: `voafuiqa_qa`
--

-- --------------------------------------------------------

--
-- Table structure for table `bankingdetails`
--

CREATE TABLE `bankingdetails` (
  `BankingDetailsId` varchar(225) NOT NULL,
  `ClientId` varchar(225) NOT NULL,
  `BankName` varchar(225) NOT NULL,
  `AccountHolder` varchar(50) NOT NULL,
  `BankBranch` varchar(225) NOT NULL,
  `AccountNumber` varchar(225) NOT NULL,
  `AccountType` varchar(225) NOT NULL,
  `CreateDate` datetime NOT NULL DEFAULT CURRENT_TIMESTAMP,
  `CreateUserId` varchar(225) NOT NULL,
  `ModifyDate` datetime NOT NULL DEFAULT CURRENT_TIMESTAMP,
  `ModifyUserId` varchar(225) NOT NULL,
  `StatusId` int(11) NOT NULL
) ENGINE=InnoDB DEFAULT CHARSET=latin1;

--
-- Dumping data for table `bankingdetails`
--

INSERT INTO `bankingdetails` (`BankingDetailsId`, `ClientId`, `BankName`, `AccountHolder`, `BankBranch`, `AccountNumber`, `AccountType`, `CreateDate`, `CreateUserId`, `ModifyDate`, `ModifyUserId`, `StatusId`) VALUES
('07ca2736-ce16-11e9-a014-0050560103a9', 'ccf9af08-ce15-11e9-a014-0050560103a9', 'Nedbank', 'BHEKUYISE ERIC MTHEMBU ', '198 765', '1829044656', 'Savings', '2019-09-03 08:42:42', 'ccf9af08-ce15-11e9-a014-0050560103a9', '2019-09-03 08:42:42', 'ccf9af08-ce15-11e9-a014-0050560103a9', 1),
('0b6c24a6-ac42-11e9-adc5-0050560103a9', 'c3f99654-ac41-11e9-adc5-0050560103a9', 'Capitec Bank', 'Thembinkosi B khoza', '470 010', '1450612316', 'Current', '2019-07-22 07:32:07', 'c3f99654-ac41-11e9-adc5-0050560103a9', '2019-07-22 07:32:07', 'c3f99654-ac41-11e9-adc5-0050560103a9', 1),
('192ccc4a-cbfd-11e9-a014-0050560103a9', 'f75b7a63-cbfc-11e9-a014-0050560103a9', 'FNB', 'Sifiso Sithole ', '250 655', '62035190115', 'Transmission ', '2019-08-31 16:39:12', 'f75b7a63-cbfc-11e9-a014-0050560103a9', '2019-08-31 16:39:12', 'f75b7a63-cbfc-11e9-a014-0050560103a9', 1),
('19409dfc-baa5-11e9-9595-0050560103a9', '0005814f-baa5-11e9-9595-0050560103a9', 'Capitec Bank', 'Thembinkosi Khoza', '470 010', '1450612316', 'Savings', '2019-08-09 14:56:26', '0005814f-baa5-11e9-9595-0050560103a9', '2019-08-09 14:56:26', '0005814f-baa5-11e9-9595-0050560103a9', 1),
('1e33dd75-d2e4-11e9-b025-0050560103a9', 'ddd17624-d2e3-11e9-b025-0050560103a9', 'Standard Bank', 'LS Mvubu', '051 001', '52788040', 'Transmission ', '2019-09-09 11:28:01', 'ddd17624-d2e3-11e9-b025-0050560103a9', '2019-09-09 11:28:01', 'ddd17624-d2e3-11e9-b025-0050560103a9', 1),
('1eaf52e5-9c8b-11e9-9298-0050560103a9', '0e1ccd78-9c8b-11e9-9298-0050560103a9', 'Capitec Bank', 'FH Zulu', '470 010', '25851475580524', 'Current', '2019-07-02 07:34:54', '0e1ccd78-9c8b-11e9-9298-0050560103a9', '2019-07-02 07:45:38', '0e1ccd78-9c8b-11e9-9298-0050560103a9', 1),
('22377ec4-cb40-11e9-a014-0050560103a9', 'eb142865-cb3f-11e9-a014-0050560103a9', 'Capitec Bank', 'Mavela Norman Mathebula', '470 010', '1373754808', 'Savings', '2019-08-30 18:06:32', 'eb142865-cb3f-11e9-a014-0050560103a9', '2019-08-30 18:06:32', 'eb142865-cb3f-11e9-a014-0050560103a9', 1),
('23a91b91-aa50-11e9-adc5-0050560103a9', 'f40c1d42-aa4f-11e9-adc5-0050560103a9', 'Capitec Bank', 'Samukelisiwe Mbatha', '470 010', '1523548272', 'Savings', '2019-07-19 20:07:58', 'f40c1d42-aa4f-11e9-adc5-0050560103a9', '2019-07-19 20:07:58', 'f40c1d42-aa4f-11e9-adc5-0050560103a9', 1),
('2b561db0-af85-11e9-adc5-0050560103a9', 'e8784dfc-af84-11e9-adc5-0050560103a9', 'Nedbank', 'Halalisani luvuno', '198 765', '1184417792', 'Current', '2019-07-26 11:10:10', 'e8784dfc-af84-11e9-adc5-0050560103a9', '2019-07-26 11:10:10', 'e8784dfc-af84-11e9-adc5-0050560103a9', 1),
('2d0c1b84-ab2d-11e9-adc5-0050560103a9', '0413e2cb-ab2d-11e9-adc5-0050560103a9', 'Capitec Bank', 'Phindile M Sibiya', '470 010', '1413212121', 'Savings', '2019-07-20 22:30:12', '0413e2cb-ab2d-11e9-adc5-0050560103a9', '2019-07-20 22:30:12', '0413e2cb-ab2d-11e9-adc5-0050560103a9', 1),
('2dd81119-a557-11e9-9298-0050560103a9', '0935bdf1-a557-11e9-9298-0050560103a9', 'ABSA Bank', 'NF Ncube', '632 005', '9165193703', 'Savings', '2019-07-13 12:15:46', '0935bdf1-a557-11e9-9298-0050560103a9', '2019-07-13 12:15:46', '0935bdf1-a557-11e9-9298-0050560103a9', 1),
('367be676-a3d9-11e9-9298-0050560103a9', '12e02eae-a3d9-11e9-9298-0050560103a9', 'Capitec Bank', 'Noden Judith Mbadamana', '470 010', '1469370954', 'Savings', '2019-07-11 14:41:32', '12e02eae-a3d9-11e9-9298-0050560103a9', '2019-07-11 14:41:32', '12e02eae-a3d9-11e9-9298-0050560103a9', 1),
('39b92cac-aa30-11e9-adc5-0050560103a9', '1db34924-aa30-11e9-adc5-0050560103a9', 'FNB', 'Ndumiso sibiya ', '250 655', '62784142732', 'Savings', '2019-07-19 16:19:31', '1db34924-aa30-11e9-adc5-0050560103a9', '2019-07-19 16:19:31', '1db34924-aa30-11e9-adc5-0050560103a9', 1),
('3aedd191-9d02-11e9-9298-0050560103a9', 'f00a2e2e-9d01-11e9-9298-0050560103a9', 'Capitec Bank', 'Meluleki Khumalo', '470 010', '1191245924', 'Savings', '2019-07-02 21:47:31', 'f00a2e2e-9d01-11e9-9298-0050560103a9', '2019-07-02 21:47:31', 'f00a2e2e-9d01-11e9-9298-0050560103a9', 1),
('42310128-a89f-11e9-adc5-0050560103a9', '184e393f-a89f-11e9-adc5-0050560103a9', 'Capitec Bank', 'Thembelihle ', '470 010', '1550283888', 'Savings', '2019-07-17 16:29:17', '184e393f-a89f-11e9-adc5-0050560103a9', '2019-07-17 16:29:17', '184e393f-a89f-11e9-adc5-0050560103a9', 1),
('472c5449-c28e-11e9-912d-0050560103a9', 'c328224b-c28d-11e9-912d-0050560103a9', 'FNB', 'Nhlapo Khali Aletta', '250 655', '62791764337', 'Current', '2019-08-19 16:33:14', 'c328224b-c28d-11e9-912d-0050560103a9', '2019-08-19 16:33:14', 'c328224b-c28d-11e9-912d-0050560103a9', 1),
('474cfd24-c28e-11e9-912d-0050560103a9', 'c328224b-c28d-11e9-912d-0050560103a9', 'FNB', 'Nhlapo Khali Aletta', '250 655', '62791764337', 'Current', '2019-08-19 16:33:14', 'c328224b-c28d-11e9-912d-0050560103a9', '2019-08-19 16:33:14', 'c328224b-c28d-11e9-912d-0050560103a9', 1),
('5014702b-aace-11e9-adc5-0050560103a9', 'ff80a613-aacd-11e9-adc5-0050560103a9', 'Capitec Bank', 'S.MHLONGO', '470 010', '1352913656', 'Savings', '2019-07-20 11:11:09', 'ff80a613-aacd-11e9-adc5-0050560103a9', '2019-07-20 11:11:09', 'ff80a613-aacd-11e9-adc5-0050560103a9', 1),
('5120f5ad-be68-11e9-912d-0050560103a9', 'e7da1afd-be67-11e9-912d-0050560103a9', 'Nedbank', 'Phumlani Zwane', '198 765', '1133147828', 'Savings', '2019-08-14 09:51:25', 'e7da1afd-be67-11e9-912d-0050560103a9', '2019-08-14 09:51:25', 'e7da1afd-be67-11e9-912d-0050560103a9', 1),
('51812902-aa35-11e9-adc5-0050560103a9', 'fba5699a-aa34-11e9-adc5-0050560103a9', 'Capitec Bank', 'Thandanani S Shabangu', '470 010', '1216559951', 'Savings', '2019-07-19 16:55:58', 'fba5699a-aa34-11e9-adc5-0050560103a9', '2019-07-19 16:55:58', 'fba5699a-aa34-11e9-adc5-0050560103a9', 1),
('518f6f09-aace-11e9-adc5-0050560103a9', 'ff80a613-aacd-11e9-adc5-0050560103a9', 'Capitec Bank', 'S.MHLONGO', '470 010', '1352913656', 'Savings', '2019-07-20 11:11:11', 'ff80a613-aacd-11e9-adc5-0050560103a9', '2019-07-20 11:11:11', 'ff80a613-aacd-11e9-adc5-0050560103a9', 1),
('57b474d9-a5b6-11e9-9298-0050560103a9', '38455b50-a5b6-11e9-9298-0050560103a9', 'Capitec Bank', 'PHINDILE MIRRIAM', '470 010', '1413212121', 'Savings', '2019-07-13 23:36:58', '38455b50-a5b6-11e9-9298-0050560103a9', '2019-07-13 23:36:58', '38455b50-a5b6-11e9-9298-0050560103a9', 1),
('5898b401-aa52-11e9-adc5-0050560103a9', '2f28d8e3-aa52-11e9-adc5-0050560103a9', 'Capitec Bank', 'Samukelisiwe Mbatha ', '470 010', '1523548272', 'Savings', '2019-07-19 20:23:46', '2f28d8e3-aa52-11e9-adc5-0050560103a9', '2019-07-19 20:23:46', '2f28d8e3-aa52-11e9-adc5-0050560103a9', 1),
('5cb85f3d-a59d-11e9-9298-0050560103a9', '03fbda75-a59d-11e9-9298-0050560103a9', 'Standard Bank', 'VELAPHI E ZULU', '051 001', '301732272', 'Savings', '2019-07-13 20:38:09', '03fbda75-a59d-11e9-9298-0050560103a9', '2019-07-13 20:38:09', '03fbda75-a59d-11e9-9298-0050560103a9', 1),
('5ccea798-c30d-11e9-a014-0050560103a9', '19c1c89f-c30d-11e9-a014-0050560103a9', 'Capitec Bank', 'Ntombiyenkonzo Beatrice Mlambo', '470 010', '1118590374', 'Savings', '2019-08-20 07:42:57', '19c1c89f-c30d-11e9-a014-0050560103a9', '2019-08-20 07:42:57', '19c1c89f-c30d-11e9-a014-0050560103a9', 1),
('5dfc9c76-c0bf-11e9-912d-0050560103a9', '6c7d97ce-c0bd-11e9-912d-0050560103a9', 'Nedbank', 'Thank Gladwin Tshite', '198 765', '1151310484', 'Savings', '2019-08-17 09:19:35', '6c7d97ce-c0bd-11e9-912d-0050560103a9', '2019-08-17 09:19:35', '6c7d97ce-c0bd-11e9-912d-0050560103a9', 1),
('6153e154-ce4e-11e9-a014-0050560103a9', 'fd5d9632-c801-11e9-a014-0050560103a9', 'Capitec Bank', 'Nancy Busi Kunene', '470 010', '1657937664', 'Savings', '2019-09-03 15:26:04', 'fd5d9632-c801-11e9-a014-0050560103a9', '2019-09-03 15:26:04', 'fd5d9632-c801-11e9-a014-0050560103a9', 1),
('6d7e101d-d465-11e9-b025-0050560103a9', '15dde489-d465-11e9-b025-0050560103a9', 'Standard Bank', 'Amanda Londiwe', '051 001', '10121984883', 'Savings', '2019-09-11 09:26:10', '15dde489-d465-11e9-b025-0050560103a9', '2019-09-11 09:26:10', '15dde489-d465-11e9-b025-0050560103a9', 1),
('6e6f96cb-9d8b-11e9-9298-0050560103a9', 'f3cbe683-9d8a-11e9-9298-0050560103a9', 'Capitec Bank', 'Innocentia ntombifuthi mpondombe', '470 010', '1553009000', 'Savings', '2019-07-03 14:09:39', 'f3cbe683-9d8a-11e9-9298-0050560103a9', '2019-07-03 14:09:39', 'f3cbe683-9d8a-11e9-9298-0050560103a9', 1),
('7445e9aa-9d03-11e9-9298-0050560103a9', '69577f94-9d03-11e9-9298-0050560103a9', 'Bank of Athens', 'Ndumiso', '410 506', '321231243432', 'Savings', '2019-07-02 21:56:17', '69577f94-9d03-11e9-9298-0050560103a9', '2019-07-02 21:56:17', '69577f94-9d03-11e9-9298-0050560103a9', 1),
('767aadd2-bd6c-11e9-912d-0050560103a9', '5ef0b18f-bd6c-11e9-912d-0050560103a9', 'FNB', 'sazzz', '250 655', '11111111111111', 'Current', '2019-08-13 03:48:35', '5ef0b18f-bd6c-11e9-912d-0050560103a9', '2019-08-13 03:48:35', '5ef0b18f-bd6c-11e9-912d-0050560103a9', 1),
('7e63fff6-a89d-11e9-adc5-0050560103a9', '5187f946-a89d-11e9-adc5-0050560103a9', 'FNB', 'Sthandiwe mhawukile mpofana', '250 655', '62721649046', 'Current', '2019-07-17 16:16:39', '5187f946-a89d-11e9-adc5-0050560103a9', '2019-07-17 16:16:39', '5187f946-a89d-11e9-adc5-0050560103a9', 1),
('7ebd5eaa-c040-11e9-912d-0050560103a9', 'c5038f43-c03f-11e9-912d-0050560103a9', 'Standard Bank', 'L D Dituku ', '051 001', '40529207', 'Current', '2019-08-16 18:11:24', 'c5038f43-c03f-11e9-912d-0050560103a9', '2019-08-16 18:11:24', 'c5038f43-c03f-11e9-912d-0050560103a9', 1),
('80230bae-c040-11e9-912d-0050560103a9', 'c5038f43-c03f-11e9-912d-0050560103a9', 'Standard Bank', 'L D Dituku ', '051 001', '40529207', 'Current', '2019-08-16 18:11:27', 'c5038f43-c03f-11e9-912d-0050560103a9', '2019-08-16 18:11:27', 'c5038f43-c03f-11e9-912d-0050560103a9', 1),
('8386d8c9-c409-11e9-a014-0050560103a9', '62dff5c3-c409-11e9-a014-0050560103a9', 'Capitec Bank', 'P Gemane', '470 010', '12005155254', 'Savings', '2019-08-21 13:47:55', '62dff5c3-c409-11e9-a014-0050560103a9', '2019-08-21 13:47:55', '62dff5c3-c409-11e9-a014-0050560103a9', 1),
('8991a5f5-c98c-11e9-a014-0050560103a9', '3d15d96a-c98b-11e9-a014-0050560103a9', 'Capitec Bank', 'TRD Mchunu', '470 010', '1333570161', 'Savings', '2019-08-28 14:08:25', '3d15d96a-c98b-11e9-a014-0050560103a9', '2019-08-28 14:08:25', '3d15d96a-c98b-11e9-a014-0050560103a9', 1),
('8c109c0a-b289-11e9-b7ed-0050560103a9', '7d18ecdf-b23d-11e9-b7ed-0050560103a9', 'Capitec Bank', 'Thembinkosi ', '470 010', '1450612316', 'Savings', '2019-07-30 07:19:04', '7d18ecdf-b23d-11e9-b7ed-0050560103a9', '2019-07-30 07:19:04', '7d18ecdf-b23d-11e9-b7ed-0050560103a9', 1),
('93b4f215-b47f-11e9-a8d5-0050560103a9', '4d8d69b1-b47f-11e9-a8d5-0050560103a9', 'Capitec Bank', 'MBALI ZULU', '470 010', '1571731723', 'Savings', '2019-08-01 19:12:44', '4d8d69b1-b47f-11e9-a8d5-0050560103a9', '2019-08-01 19:12:44', '4d8d69b1-b47f-11e9-a8d5-0050560103a9', 1),
('95935ee3-b6c7-11e9-a8d5-0050560103a9', 'a332bc2e-b6c6-11e9-a8d5-0050560103a9', 'Capitec Bank', 'Phumzile Angle mpondombi', '470 010', '1129602166', 'Savings', '2019-08-04 16:53:13', 'a332bc2e-b6c6-11e9-a8d5-0050560103a9', '2019-08-04 16:53:13', 'a332bc2e-b6c6-11e9-a8d5-0050560103a9', 1),
('9a40d012-ce7e-11e9-a014-0050560103a9', '0d48cdc3-ce7e-11e9-a014-0050560103a9', 'Capitec Bank', 'Sakhile Zwilenkosi Mnguni', '470 010', '1531556408', 'Savings', '2019-09-03 21:11:16', '0d48cdc3-ce7e-11e9-a014-0050560103a9', '2019-09-03 21:11:16', '0d48cdc3-ce7e-11e9-a014-0050560103a9', 1),
('9ab277db-a6cb-11e9-9298-0050560103a9', '557f3799-a6cb-11e9-9298-0050560103a9', 'Capitec Bank', 'NG Gabotlhaelwe', '470 010', '1144698349', 'Savings', '2019-07-15 08:41:41', '557f3799-a6cb-11e9-9298-0050560103a9', '2019-07-15 08:41:41', '557f3799-a6cb-11e9-9298-0050560103a9', 1),
('9e60005f-c061-11e9-912d-0050560103a9', '61dad7bc-c061-11e9-912d-0050560103a9', 'ABSA Bank', 'Puleng Precious Moletsane', '632 005', '9346689438', 'Savings', '2019-08-16 22:08:31', '61dad7bc-c061-11e9-912d-0050560103a9', '2019-08-16 22:08:31', '61dad7bc-c061-11e9-912d-0050560103a9', 1),
('a09ef376-a816-11e9-adc5-0050560103a9', '6718640f-a816-11e9-adc5-0050560103a9', 'FNB', 'Sthandiwe mhawukile mpofana', '250 655', '62721649046', 'Current', '2019-07-17 00:11:14', '6718640f-a816-11e9-adc5-0050560103a9', '2019-07-17 00:11:14', '6718640f-a816-11e9-adc5-0050560103a9', 1),
('a35c71c2-a24b-11e9-9298-0050560103a9', '65a7b96b-a24b-11e9-9298-0050560103a9', 'ABSA Bank', 'Martha winnies Duduzile', '632 005', '4084348268', 'Current', '2019-07-09 15:15:35', '65a7b96b-a24b-11e9-9298-0050560103a9', '2019-07-09 15:15:35', '65a7b96b-a24b-11e9-9298-0050560103a9', 1),
('a47917e1-9d84-11e9-9298-0050560103a9', '76aaac5d-9d84-11e9-9298-0050560103a9', 'Capitec Bank', 'Mr SH Ngubane', '470 010', '1404962253', 'Savings', '2019-07-03 13:21:03', '76aaac5d-9d84-11e9-9298-0050560103a9', '2019-07-10 11:50:54', '76aaac5d-9d84-11e9-9298-0050560103a9', 1),
('a729bd21-9f1b-11e9-9298-0050560103a9', '699e37fe-9f1b-11e9-9298-0050560103a9', 'FNB', 'Zamokuhle Luthuli', '250 655', '62330984586', 'Savings', '2019-07-05 13:54:32', '699e37fe-9f1b-11e9-9298-0050560103a9', '2019-07-05 13:54:32', '699e37fe-9f1b-11e9-9298-0050560103a9', 1),
('a80a4f5b-c4d3-11e9-a014-0050560103a9', 'e306454e-a427-11e9-9298-0050560103a9', 'Nedbank', 'Bsm nzimande', '198 765', '1107823897', 'Savings', '2019-08-22 13:54:54', 'e306454e-a427-11e9-9298-0050560103a9', '2019-08-22 13:54:54', 'e306454e-a427-11e9-9298-0050560103a9', 1),
('ac9cc11c-a8ca-11e9-adc5-0050560103a9', '826ee80b-a8ca-11e9-adc5-0050560103a9', 'Standard Bank', 'Bongani Zwane', '051 001', '56441738', 'Savings', '2019-07-17 21:40:04', '826ee80b-a8ca-11e9-adc5-0050560103a9', '2019-07-17 21:40:04', '826ee80b-a8ca-11e9-adc5-0050560103a9', 1),
('ad858787-a93b-11e9-adc5-0050560103a9', '679914ac-a93b-11e9-adc5-0050560103a9', 'Capitec Bank', 'Elsie silungile luvuno', '470 010', '1236338640', 'Savings', '2019-07-18 11:08:59', '679914ac-a93b-11e9-adc5-0050560103a9', '2019-07-18 11:08:59', '679914ac-a93b-11e9-adc5-0050560103a9', 1),
('ada1cf68-a20a-11e9-9298-0050560103a9', '90ac2f4f-a20a-11e9-9298-0050560103a9', 'FNB', 'Sifiso Ndlanzi', '250 655', '111111111', 'Savings', '2019-07-09 07:30:35', '90ac2f4f-a20a-11e9-9298-0050560103a9', '2019-07-09 07:30:35', '90ac2f4f-a20a-11e9-9298-0050560103a9', 1),
('af04ac28-b4e5-11e9-a8d5-0050560103a9', '0671dabb-b4e5-11e9-a8d5-0050560103a9', 'FNB', 'Gcina mncwango', '250 655', '62185267624', 'Current', '2019-08-02 07:23:38', '0671dabb-b4e5-11e9-a8d5-0050560103a9', '2019-09-10 20:17:44', '0671dabb-b4e5-11e9-a8d5-0050560103a9', 1),
('afcdc83f-b4fe-11e9-a8d5-0050560103a9', '84d2b372-b4fe-11e9-a8d5-0050560103a9', 'Capitec Bank', 'Makhathinizk', '470 010', '1442025792', 'Savings', '2019-08-02 10:22:37', '84d2b372-b4fe-11e9-a8d5-0050560103a9', '2019-08-02 10:22:37', '84d2b372-b4fe-11e9-a8d5-0050560103a9', 1),
('b61f0679-a7b8-11e9-9298-0050560103a9', '83b4a5b0-a7b8-11e9-9298-0050560103a9', 'Standard Bank', 'Thandukwazi Richman Ncube ', '051 001', '10093694306', 'Current', '2019-07-16 12:58:58', '83b4a5b0-a7b8-11e9-9298-0050560103a9', '2019-07-16 12:58:58', '83b4a5b0-a7b8-11e9-9298-0050560103a9', 1),
('b766c585-cda7-11e9-a014-0050560103a9', '75344d3b-cda7-11e9-a014-0050560103a9', 'FNB', 'M\'Powermaxx Development Projects CC', '250 655', '62182090614', 'Current', '2019-09-02 19:33:03', '75344d3b-cda7-11e9-a014-0050560103a9', '2019-09-02 19:33:03', '75344d3b-cda7-11e9-a014-0050560103a9', 1),
('c0d86037-c2bb-11e9-912d-0050560103a9', '76b744ef-c2bb-11e9-912d-0050560103a9', 'Capitec Bank', 'Bongani Sibusiso Dlamini', '470 010', '1388915969', 'Savings', '2019-08-19 21:58:46', '76b744ef-c2bb-11e9-912d-0050560103a9', '2019-08-19 21:58:46', '76b744ef-c2bb-11e9-912d-0050560103a9', 1),
('c5f9b35d-c2bb-11e9-912d-0050560103a9', '76b744ef-c2bb-11e9-912d-0050560103a9', 'Capitec Bank', 'Bongani Sibusiso Dlamini', '470 010', '1388915969', 'Savings', '2019-08-19 21:58:54', '76b744ef-c2bb-11e9-912d-0050560103a9', '2019-08-19 21:58:54', '76b744ef-c2bb-11e9-912d-0050560103a9', 1),
('cc6eee09-9d87-11e9-9298-0050560103a9', '8705eb63-9d87-11e9-9298-0050560103a9', 'Standard Bank', 'Lettie Vangile Kunene', '051 001', '42753422', 'Current', '2019-07-03 13:43:38', '8705eb63-9d87-11e9-9298-0050560103a9', '2019-07-03 13:43:38', '8705eb63-9d87-11e9-9298-0050560103a9', 1),
('ce9e8abb-a24c-11e9-9298-0050560103a9', '65a7b96b-a24b-11e9-9298-0050560103a9', 'ABSA Bank', 'Martha winnies Duduzile ', '632 005', '4084348268', 'Current', '2019-07-09 15:23:57', '65a7b96b-a24b-11e9-9298-0050560103a9', '2019-07-09 15:23:57', '65a7b96b-a24b-11e9-9298-0050560103a9', 1),
('d59e4025-a88e-11e9-adc5-0050560103a9', '9281c3c6-a88e-11e9-adc5-0050560103a9', 'Capitec Bank', 'Thembelihle Shinga ', '470 010', '1550283888', 'Savings', '2019-07-17 14:31:43', '9281c3c6-a88e-11e9-adc5-0050560103a9', '2019-07-17 14:31:43', '9281c3c6-a88e-11e9-adc5-0050560103a9', 1),
('dcf904da-d572-11e9-b025-0050560103a9', 'ad7f38ef-d572-11e9-b025-0050560103a9', 'Capitec Bank', 'Sqiniseko Awande Khanyile', '470 010', '1594269341', 'Savings', '2019-09-12 17:34:52', 'ad7f38ef-d572-11e9-b025-0050560103a9', '2019-09-12 17:34:52', 'ad7f38ef-d572-11e9-b025-0050560103a9', 1),
('dd42c84e-9e6e-11e9-9298-0050560103a9', 'c27eb948-9e6e-11e9-9298-0050560103a9', 'FNB', '956899568958', '250 655', '995096959', 'Savings', '2019-07-04 17:17:40', 'c27eb948-9e6e-11e9-9298-0050560103a9', '2019-07-04 17:21:46', 'c27eb948-9e6e-11e9-9298-0050560103a9', 1),
('dd9922b4-a84e-11e9-adc5-0050560103a9', 'c46552f5-a84e-11e9-adc5-0050560103a9', 'Nedbank', 'Minenhle', '198 765', '1090908425', 'Savings', '2019-07-17 06:53:49', 'c46552f5-a84e-11e9-adc5-0050560103a9', '2019-07-17 06:53:49', 'c46552f5-a84e-11e9-adc5-0050560103a9', 1),
('ddce711a-a76b-11e9-9298-0050560103a9', '26a85cce-a76b-11e9-9298-0050560103a9', 'Nedbank', 'Sabelo  Biyela', '198 765', '1560095601', 'Current', '2019-07-16 03:48:53', '26a85cce-a76b-11e9-9298-0050560103a9', '2019-08-29 17:20:22', '26a85cce-a76b-11e9-9298-0050560103a9', 1),
('e48a4f43-b217-11e9-b7ed-0050560103a9', 'af4cfa2f-b217-11e9-b7ed-0050560103a9', 'Capitec Bank', 'Khulekani', '470 010', '1144512679', 'Savings', '2019-07-29 17:45:29', 'af4cfa2f-b217-11e9-b7ed-0050560103a9', '2019-07-29 17:45:29', 'af4cfa2f-b217-11e9-b7ed-0050560103a9', 1),
('f14f8abb-9c88-11e9-9298-0050560103a9', 'da1e961a-9c88-11e9-9298-0050560103a9', 'ABSA Bank', 'Wiseman Ncube', '632 005', '9046681617', 'Savings', '2019-07-02 07:19:18', 'da1e961a-9c88-11e9-9298-0050560103a9', '2019-07-02 07:19:18', 'da1e961a-9c88-11e9-9298-0050560103a9', 1),
('f9517af1-9fbb-11e9-9298-0050560103a9', 'bee1d476-9fbb-11e9-9298-0050560103a9', 'FNB', 'benzile', '250 655', '62704868366', 'Savings', '2019-07-06 09:02:10', 'bee1d476-9fbb-11e9-9298-0050560103a9', '2019-07-06 09:02:10', 'bee1d476-9fbb-11e9-9298-0050560103a9', 1),
('f9a7e1aa-a4de-11e9-9298-0050560103a9', '82edea57-a4de-11e9-9298-0050560103a9', 'Capitec Bank', 'Nandipha Botha', '470 010', '1344489891', 'Savings', '2019-07-12 21:55:18', '82edea57-a4de-11e9-9298-0050560103a9', '2019-07-12 21:55:18', '82edea57-a4de-11e9-9298-0050560103a9', 1),
('fd2d9cc9-a8c5-11e9-adc5-0050560103a9', 'cc4ec376-a8c5-11e9-adc5-0050560103a9', 'Capitec Bank', 'L.S khuzwayo', '470 010', '1609142304', 'Savings', '2019-07-17 21:06:32', 'cc4ec376-a8c5-11e9-adc5-0050560103a9', '2019-07-17 21:06:32', 'cc4ec376-a8c5-11e9-adc5-0050560103a9', 1),
('fe540600-d0dd-11e9-b025-0050560103a9', '9ca0e558-d0dd-11e9-b025-0050560103a9', 'Nedbank', 'Celimpilo William Sithole', '198 765', '1188892002', 'Current', '2019-09-06 21:39:08', '9ca0e558-d0dd-11e9-b025-0050560103a9', '2019-09-06 21:39:08', '9ca0e558-d0dd-11e9-b025-0050560103a9', 1);

-- --------------------------------------------------------

--
-- Table structure for table `beneficiaries`
--

CREATE TABLE `beneficiaries` (
  `BeneficiaryId` varchar(225) NOT NULL,
  `ClientId` varchar(225) NOT NULL,
  `Name` varchar(225) NOT NULL,
  `Surname` varchar(225) NOT NULL,
  `IDNumber` varchar(225) NOT NULL,
  `Relation` varchar(225) NOT NULL,
  `CreateDate` datetime NOT NULL DEFAULT CURRENT_TIMESTAMP,
  `CreateUserId` varchar(225) NOT NULL,
  `ModifyDate` datetime NOT NULL DEFAULT CURRENT_TIMESTAMP,
  `ModifyUserId` varchar(225) NOT NULL,
  `StatusId` int(11) NOT NULL
) ENGINE=InnoDB DEFAULT CHARSET=latin1;

--
-- Dumping data for table `beneficiaries`
--

INSERT INTO `beneficiaries` (`BeneficiaryId`, `ClientId`, `Name`, `Surname`, `IDNumber`, `Relation`, `CreateDate`, `CreateUserId`, `ModifyDate`, `ModifyUserId`, `StatusId`) VALUES
('0a6c3b4f-9c89-11e9-9298-0050560103a9', 'da1e961a-9c88-11e9-9298-0050560103a9', 'dudu', 'ncube', '8208060581080', 'spouse', '2019-07-02 07:20:01', 'ncubem@webmail.co.za', '2019-07-02 07:20:01', 'ncubem@webmail.co.za', 1),
('11548ba7-c2bc-11e9-912d-0050560103a9', '76b744ef-c2bb-11e9-912d-0050560103a9', 'Yibanathi', 'Lande', '0105145808082', 'sibling', '2019-08-19 22:01:01', '76b744ef-c2bb-11e9-912d-0050560103a9', '2019-08-19 22:01:01', '76b744ef-c2bb-11e9-912d-0050560103a9', 1),
('11b2322a-c2bc-11e9-912d-0050560103a9', '76b744ef-c2bb-11e9-912d-0050560103a9', 'Yibanathi', 'Lande', '0105145808082', 'sibling', '2019-08-19 22:01:01', '76b744ef-c2bb-11e9-912d-0050560103a9', '2019-08-19 22:01:01', '76b744ef-c2bb-11e9-912d-0050560103a9', 1),
('12dd3fa0-9d8c-11e9-9298-0050560103a9', 'f3cbe683-9d8a-11e9-9298-0050560103a9', 'Velapi william ', 'Mpondombe', '19400205', 'parent', '2019-07-03 14:14:14', 'f3cbe683-9d8a-11e9-9298-0050560103a9', '2019-07-03 14:14:14', 'f3cbe683-9d8a-11e9-9298-0050560103a9', 1),
('12dd66f1-9d8c-11e9-9298-0050560103a9', 'f3cbe683-9d8a-11e9-9298-0050560103a9', 'Jabulie flominah', 'Mpondombi', '19730414', 'sibling', '2019-07-03 14:14:14', 'f3cbe683-9d8a-11e9-9298-0050560103a9', '2019-07-03 14:14:14', 'f3cbe683-9d8a-11e9-9298-0050560103a9', 1),
('152f51a3-ce4f-11e9-a014-0050560103a9', 'fd5d9632-c801-11e9-a014-0050560103a9', 'Fisokuhle Lungisani', 'Kunene', '20031122', 'child', '2019-09-03 15:31:06', 'fd5d2e75-c801-11e9-a014-0050560103a9', '2019-09-03 15:31:06', 'fd5d2e75-c801-11e9-a014-0050560103a9', 1),
('1ab48dbd-a84f-11e9-adc5-0050560103a9', 'c46552f5-a84e-11e9-adc5-0050560103a9', 'Minenhle', 'Khumalo', '9703225620087', 'sibling', '2019-07-17 06:55:31', 'c46552f5-a84e-11e9-adc5-0050560103a9', '2019-07-17 06:55:31', 'c46552f5-a84e-11e9-adc5-0050560103a9', 1),
('20437b6c-aa36-11e9-adc5-0050560103a9', 'fba5699a-aa34-11e9-adc5-0050560103a9', 'Hlobisile Ntombizile', 'Shabangu', '9304220276080', 'spouse', '2019-07-19 17:01:45', 'fba5699a-aa34-11e9-adc5-0050560103a9', '2019-07-19 17:01:45', 'fba5699a-aa34-11e9-adc5-0050560103a9', 1),
('249e4d7e-af86-11e9-adc5-0050560103a9', 'e8784dfc-af84-11e9-adc5-0050560103a9', 'Elsie silungile', 'Luvuno', '671225544081', 'parent', '2019-07-26 11:17:08', 'e8784dfc-af84-11e9-adc5-0050560103a9', '2019-07-26 11:17:08', 'e8784dfc-af84-11e9-adc5-0050560103a9', 1),
('249ebc65-af86-11e9-adc5-0050560103a9', 'e8784dfc-af84-11e9-adc5-0050560103a9', 'Nqobile Nompilo', 'Luvuno', '9604060633088', 'sibling', '2019-07-26 11:17:08', 'e8784dfc-af84-11e9-adc5-0050560103a9', '2019-07-26 11:17:08', 'e8784dfc-af84-11e9-adc5-0050560103a9', 1),
('249eddd1-af86-11e9-adc5-0050560103a9', 'e8784dfc-af84-11e9-adc5-0050560103a9', 'Nehemia Zibonele', 'Luvuno', '6310235686083', 'parent', '2019-07-26 11:17:08', 'e8784dfc-af84-11e9-adc5-0050560103a9', '2019-07-26 11:17:08', 'e8784dfc-af84-11e9-adc5-0050560103a9', 1),
('293ca899-9f1c-11e9-9298-0050560103a9', '699e37fe-9f1b-11e9-9298-0050560103a9', 'Phumzile', 'Luthuli', '9605180745082', 'sibling', '2019-07-05 13:58:11', '699e37fe-9f1b-11e9-9298-0050560103a9', '2019-07-05 13:58:11', '699e37fe-9f1b-11e9-9298-0050560103a9', 1),
('293ceb8e-9f1c-11e9-9298-0050560103a9', '699e37fe-9f1b-11e9-9298-0050560103a9', 'Nobuhle', 'Luthuli', '0010251038088', 'sibling', '2019-07-05 13:58:11', '699e37fe-9f1b-11e9-9298-0050560103a9', '2019-07-05 13:58:11', '699e37fe-9f1b-11e9-9298-0050560103a9', 1),
('2c486c2f-a3db-11e9-9298-0050560103a9', '12e02eae-a3d9-11e9-9298-0050560103a9', 'Thabisile', 'Mlinganiso', '0006150875083', 'child', '2019-07-11 14:55:34', '12e02eae-a3d9-11e9-9298-0050560103a9', '2019-07-11 14:55:34', '12e02eae-a3d9-11e9-9298-0050560103a9', 1),
('31089877-a24d-11e9-9298-0050560103a9', '65a7b96b-a24b-11e9-9298-0050560103a9', 'Asibulele lethumpilo sbongakonke', 'Buthelezi', '0610235359086', 'child', '2019-07-09 15:26:43', '65a7b96b-a24b-11e9-9298-0050560103a9', '2019-07-09 15:26:43', '65a7b96b-a24b-11e9-9298-0050560103a9', 1),
('3108f62d-a24d-11e9-9298-0050560103a9', '65a7b96b-a24b-11e9-9298-0050560103a9', 'Asonwabe sbongakonke siyavuya', 'Buthelezi', '0912145751083', 'child', '2019-07-09 15:26:43', '65a7b96b-a24b-11e9-9298-0050560103a9', '2019-07-09 15:26:43', '65a7b96b-a24b-11e9-9298-0050560103a9', 1),
('32b50932-d573-11e9-b025-0050560103a9', 'ad7f38ef-d572-11e9-b025-0050560103a9', 'Lulekwa', 'Khanyile', '9612210324086', 'sibling', '2019-09-12 17:37:16', 'ad7f38ef-d572-11e9-b025-0050560103a9', '2019-09-12 17:37:16', 'ad7f38ef-d572-11e9-b025-0050560103a9', 1),
('3635f6ba-baa5-11e9-9595-0050560103a9', '0005814f-baa5-11e9-9595-0050560103a9', 'Nondumiso Phindile', 'Ndebele', '9405241149089', 'spouse', '2019-08-09 14:57:15', '0005814f-baa5-11e9-9595-0050560103a9', '2019-08-09 14:57:15', '0005814f-baa5-11e9-9595-0050560103a9', 1),
('37ad5f7b-cbfe-11e9-a014-0050560103a9', 'f75b7a63-cbfc-11e9-a014-0050560103a9', 'Zandile ', 'Sithole', '7707020602085', 'sibling', '2019-08-31 16:47:12', 'f75b7a63-cbfc-11e9-a014-0050560103a9', '2019-08-31 16:47:12', 'f75b7a63-cbfc-11e9-a014-0050560103a9', 1),
('37d9a426-ce16-11e9-a014-0050560103a9', 'ccf9af08-ce15-11e9-a014-0050560103a9', 'Melusi', 'Mthembu', '7602145598088', 'sibling', '2019-09-03 08:44:03', 'ccf9af08-ce15-11e9-a014-0050560103a9', '2019-09-03 08:44:03', 'ccf9af08-ce15-11e9-a014-0050560103a9', 1),
('398edf60-b500-11e9-a8d5-0050560103a9', '84d2b372-b4fe-11e9-a8d5-0050560103a9', 'Sinenhlanhla ', 'Makhathini ', '9112050494081', 'spouse', '2019-08-02 10:33:38', '84d2b372-b4fe-11e9-a8d5-0050560103a9', '2019-08-02 10:33:38', '84d2b372-b4fe-11e9-a8d5-0050560103a9', 1),
('3b31bac6-b480-11e9-a8d5-0050560103a9', '4d8d69b1-b47f-11e9-a8d5-0050560103a9', 'Meluleki', 'Khumalo', '9005265831081', 'sibling', '2019-08-01 19:17:25', '4d8d69b1-b47f-11e9-a8d5-0050560103a9', '2019-08-01 19:17:25', '4d8d69b1-b47f-11e9-a8d5-0050560103a9', 1),
('3ec16fd6-9c8b-11e9-9298-0050560103a9', '0e1ccd78-9c8b-11e9-9298-0050560103a9', 'Sabelo', 'Zulu', '9035684256680', 'sibling', '2019-07-02 07:35:47', 'ufketn@gmail.com', '2019-07-02 07:35:47', 'ufketn@gmail.com', 1),
('3ec1a589-9c8b-11e9-9298-0050560103a9', '0e1ccd78-9c8b-11e9-9298-0050560103a9', 'Samu', 'Zondo', '20136846746884', 'child', '2019-07-02 07:35:47', 'ufketn@gmail.com', '2019-07-02 07:35:47', 'ufketn@gmail.com', 1),
('46828b72-9d88-11e9-9298-0050560103a9', '8705eb63-9d87-11e9-9298-0050560103a9', 'Sinethemba', 'Kunene', '9612120565083', 'child', '2019-07-03 13:47:03', '8705eb63-9d87-11e9-9298-0050560103a9', '2019-07-03 13:47:03', '8705eb63-9d87-11e9-9298-0050560103a9', 1),
('4682b135-9d88-11e9-9298-0050560103a9', '8705eb63-9d87-11e9-9298-0050560103a9', 'Sinenhlanhla', 'Kunene', '9612120564086', 'child', '2019-07-03 13:47:03', '8705eb63-9d87-11e9-9298-0050560103a9', '2019-07-03 13:47:03', '8705eb63-9d87-11e9-9298-0050560103a9', 1),
('46a925b0-d2e4-11e9-b025-0050560103a9', 'ddd17624-d2e3-11e9-b025-0050560103a9', 'Zanele ', 'Gasa', '9003031672087', 'spouse', '2019-09-09 11:29:09', 'ddd17624-d2e3-11e9-b025-0050560103a9', '2019-09-09 11:29:09', 'ddd17624-d2e3-11e9-b025-0050560103a9', 1),
('46b22800-a8c6-11e9-adc5-0050560103a9', 'cc4ec376-a8c5-11e9-adc5-0050560103a9', 'Makhosazane', 'Madi', '8312090646086', 'parent', '2019-07-17 21:08:35', 'cc4ec376-a8c5-11e9-adc5-0050560103a9', '2019-07-17 21:08:35', 'cc4ec376-a8c5-11e9-adc5-0050560103a9', 1),
('49049780-bd2b-11e9-912d-0050560103a9', '0671dabb-b4e5-11e9-a8d5-0050560103a9', 'Zanele', 'Mncwango', '92032911500885', 'sibling', '2019-08-12 20:02:01', '06717999-b4e5-11e9-a8d5-0050560103a9', '2019-08-12 20:02:01', '06717999-b4e5-11e9-a8d5-0050560103a9', 1),
('4e3c7965-d0de-11e9-b025-0050560103a9', '9ca0e558-d0dd-11e9-b025-0050560103a9', 'Zuziwe', 'Sithole', '0101190741088', 'sibling', '2019-09-06 21:41:22', '9ca0e558-d0dd-11e9-b025-0050560103a9', '2019-09-06 21:41:22', '9ca0e558-d0dd-11e9-b025-0050560103a9', 1),
('4fe84aa0-a7b9-11e9-9298-0050560103a9', '83b4a5b0-a7b8-11e9-9298-0050560103a9', 'Sthembele', 'Ncube', '9307181033085', 'sibling', '2019-07-16 13:03:16', '83b4a5b0-a7b8-11e9-9298-0050560103a9', '2019-07-16 13:03:16', '83b4a5b0-a7b8-11e9-9298-0050560103a9', 1),
('51c277ed-a557-11e9-9298-0050560103a9', '0935bdf1-a557-11e9-9298-0050560103a9', 'Ntombeziningi', 'Ncube', '7905080663084', 'sibling', '2019-07-13 12:16:46', '0935bdf1-a557-11e9-9298-0050560103a9', '2019-07-13 12:16:46', '0935bdf1-a557-11e9-9298-0050560103a9', 1),
('5441501d-9fbc-11e9-9298-0050560103a9', 'bee1d476-9fbb-11e9-9298-0050560103a9', 'bongani ndabezinhle iminathi', 'nkosi', '1501055808089', 'child', '2019-07-06 09:04:42', 'bee1d476-9fbb-11e9-9298-0050560103a9', '2019-07-06 09:04:42', 'bee1d476-9fbb-11e9-9298-0050560103a9', 1),
('5bdb56a1-a76c-11e9-9298-0050560103a9', '26a85cce-a76b-11e9-9298-0050560103a9', 'Snethemba', 'Mncwabe', '9707140242083', 'spouse', '2019-07-16 03:52:25', '26a85cce-a76b-11e9-9298-0050560103a9', '2019-07-16 03:52:25', '26a85cce-a76b-11e9-9298-0050560103a9', 1),
('5e6c977d-baa5-11e9-9595-0050560103a9', '0005814f-baa5-11e9-9595-0050560103a9', 'Nondumiso PHINDILE ', 'Ndebele ', '9405241149089', 'spouse', '2019-08-09 14:58:22', '0005814f-baa5-11e9-9595-0050560103a9', '2019-08-09 14:58:22', '0005814f-baa5-11e9-9595-0050560103a9', 1),
('629b0cc4-c28f-11e9-912d-0050560103a9', 'c328224b-c28d-11e9-912d-0050560103a9', 'Zulu', 'Thandolwethu', '0409060927086', 'child', '2019-08-19 16:41:10', 'c328224b-c28d-11e9-912d-0050560103a9', '2019-08-19 16:41:10', 'c328224b-c28d-11e9-912d-0050560103a9', 1),
('629bbf2e-c28f-11e9-912d-0050560103a9', 'c328224b-c28d-11e9-912d-0050560103a9', 'Khethelo', 'Sithebe', '0807130170085', 'child', '2019-08-19 16:41:10', 'c328224b-c28d-11e9-912d-0050560103a9', '2019-08-19 16:41:10', 'c328224b-c28d-11e9-912d-0050560103a9', 1),
('63954daf-b4ff-11e9-a8d5-0050560103a9', '84d2b372-b4fe-11e9-a8d5-0050560103a9', 'Sinenhlanhla ', 'Makhathini ', '9112050494081', 'spouse', '2019-08-02 10:27:39', '84d2b372-b4fe-11e9-a8d5-0050560103a9', '2019-08-02 10:27:39', '84d2b372-b4fe-11e9-a8d5-0050560103a9', 1),
('70b6d603-9cf8-11e9-9298-0050560103a9', 'da1e961a-9c88-11e9-9298-0050560103a9', 'Duduzile', 'Ncube', '8208060581080', 'spouse', '2019-07-02 20:37:26', 'da1e17f3-9c88-11e9-9298-0050560103a9', '2019-07-02 20:37:26', 'da1e17f3-9c88-11e9-9298-0050560103a9', 1),
('7bbdb673-a59e-11e9-9298-0050560103a9', '03fbda75-a59d-11e9-9298-0050560103a9', 'Lucas Jabulani', 'Zulu', '8203225295080', 'sibling', '2019-07-13 20:46:11', '03fbda75-a59d-11e9-9298-0050560103a9', '2019-07-13 20:46:11', '03fbda75-a59d-11e9-9298-0050560103a9', 1),
('7c89db18-aa52-11e9-adc5-0050560103a9', '2f28d8e3-aa52-11e9-adc5-0050560103a9', 'Khathide', 'Kubeka', '8705245493081', 'spouse', '2019-07-19 20:24:46', '2f28d8e3-aa52-11e9-adc5-0050560103a9', '2019-07-19 20:24:46', '2f28d8e3-aa52-11e9-adc5-0050560103a9', 1),
('812aa6fe-cb40-11e9-a014-0050560103a9', 'eb142865-cb3f-11e9-a014-0050560103a9', 'Nokwethemba', 'Khumalo', '9102251141086', 'spouse', '2019-08-30 18:09:11', 'eb142865-cb3f-11e9-a014-0050560103a9', '2019-08-30 18:09:11', 'eb142865-cb3f-11e9-a014-0050560103a9', 1),
('855ccb9d-9d03-11e9-9298-0050560103a9', '69577f94-9d03-11e9-9298-0050560103a9', 'Sthe', 'Tembe', '672162761721', 'grandchild', '2019-07-02 21:56:45', '69577f94-9d03-11e9-9298-0050560103a9', '2019-07-04 17:55:15', '69577f94-9d03-11e9-9298-0050560103a9', 1),
('86f2adb9-a93c-11e9-adc5-0050560103a9', '679914ac-a93b-11e9-adc5-0050560103a9', 'Nehemia zibonele', 'Luvuno', '19630118', 'spouse', '2019-07-18 11:15:03', '679914ac-a93b-11e9-adc5-0050560103a9', '2019-07-18 11:15:03', '679914ac-a93b-11e9-adc5-0050560103a9', 1),
('86f2d3dd-a93c-11e9-adc5-0050560103a9', '679914ac-a93b-11e9-adc5-0050560103a9', 'Sikhunjuliwe halalisani ', 'Luvuno', '19950324', 'child', '2019-07-18 11:15:03', '679914ac-a93b-11e9-adc5-0050560103a9', '2019-07-18 11:15:03', '679914ac-a93b-11e9-adc5-0050560103a9', 1),
('86f30179-a93c-11e9-adc5-0050560103a9', '679914ac-a93b-11e9-adc5-0050560103a9', 'Nqobile nompilo', 'Luvuno', '19960406', 'child', '2019-07-18 11:15:03', '679914ac-a93b-11e9-adc5-0050560103a9', '2019-07-18 11:15:03', '679914ac-a93b-11e9-adc5-0050560103a9', 1),
('8887dc0b-aa50-11e9-adc5-0050560103a9', 'f40c1d42-aa4f-11e9-adc5-0050560103a9', 'Khathide ', 'Kubeka', '8705245493081', 'spouse', '2019-07-19 20:10:47', 'f40c1d42-aa4f-11e9-adc5-0050560103a9', '2019-07-19 20:10:47', 'f40c1d42-aa4f-11e9-adc5-0050560103a9', 1),
('897d85ed-ab2d-11e9-adc5-0050560103a9', '0413e2cb-ab2d-11e9-adc5-0050560103a9', 'Ayanda ', 'Sibiya', '9103090613089', 'sibling', '2019-07-20 22:32:48', '0413e2cb-ab2d-11e9-adc5-0050560103a9', '2019-07-20 22:32:48', '0413e2cb-ab2d-11e9-adc5-0050560103a9', 1),
('8b0faa56-9d03-11e9-9298-0050560103a9', '69577f94-9d03-11e9-9298-0050560103a9', 'Sthe', 'Tembe', '672162761721', 'child', '2019-07-02 21:56:55', '69577f94-9d03-11e9-9298-0050560103a9', '2019-07-02 21:56:55', '69577f94-9d03-11e9-9298-0050560103a9', 1),
('91f371cd-b218-11e9-b7ed-0050560103a9', 'af4cfa2f-b217-11e9-b7ed-0050560103a9', 'Zanokuhle Amukelani', 'Mbatha', '1604221096082', 'child', '2019-07-29 17:50:20', 'af4cfa2f-b217-11e9-b7ed-0050560103a9', '2019-07-29 17:50:20', 'af4cfa2f-b217-11e9-b7ed-0050560103a9', 1),
('9422cce8-a6ce-11e9-9298-0050560103a9', '557f3799-a6cb-11e9-9298-0050560103a9', 'Naledi', 'Tities', '8807250834082', 'spouse', '2019-07-15 09:02:59', '557f3799-a6cb-11e9-9298-0050560103a9', '2019-07-15 09:02:59', '557f3799-a6cb-11e9-9298-0050560103a9', 1),
('96242c49-9e6f-11e9-9298-0050560103a9', 'c27eb948-9e6e-11e9-9298-0050560103a9', 'test 3', 'demo', '9119846088376', 'child', '2019-07-04 17:22:50', 'c27e56a3-9e6e-11e9-9298-0050560103a9', '2019-07-04 17:22:50', 'c27e56a3-9e6e-11e9-9298-0050560103a9', 1),
('a17577bc-aace-11e9-adc5-0050560103a9', 'ff80a613-aacd-11e9-adc5-0050560103a9', 'HLENGIWE', 'MHLONGO', '9612180669080', 'sibling', '2019-07-20 11:13:26', 'ff80a613-aacd-11e9-adc5-0050560103a9', '2019-07-20 11:13:26', 'ff80a613-aacd-11e9-adc5-0050560103a9', 1),
('a35bdb72-be68-11e9-912d-0050560103a9', 'e7da1afd-be67-11e9-912d-0050560103a9', 'Yathandwa Abelwe', 'Zwane', '1001031425082', 'child', '2019-08-14 09:53:43', 'e7da1afd-be67-11e9-912d-0050560103a9', '2019-08-14 09:53:43', 'e7da1afd-be67-11e9-912d-0050560103a9', 1),
('a35c10a4-be68-11e9-912d-0050560103a9', 'e7da1afd-be67-11e9-912d-0050560103a9', 'Zabelo Zenande', 'Zwane', '1201280892087', 'child', '2019-08-14 09:53:43', 'e7da1afd-be67-11e9-912d-0050560103a9', '2019-08-14 09:53:43', 'e7da1afd-be67-11e9-912d-0050560103a9', 1),
('abd16b7e-aace-11e9-adc5-0050560103a9', 'ff80a613-aacd-11e9-adc5-0050560103a9', 'HLENGIWE', 'MHLONGO', '9612180669080', 'sibling', '2019-07-20 11:13:43', 'ff80a613-aacd-11e9-adc5-0050560103a9', '2019-07-20 11:13:43', 'ff80a613-aacd-11e9-adc5-0050560103a9', 1),
('acef352c-ce82-11e9-a014-0050560103a9', '0d48cdc3-ce7e-11e9-a014-0050560103a9', 'Zakhele', 'Mnguni ', '9411215752080', 'sibling', '2019-09-03 21:40:25', '0d48cdc3-ce7e-11e9-a014-0050560103a9', '2019-09-03 21:40:25', '0d48cdc3-ce7e-11e9-a014-0050560103a9', 1),
('ae0c4180-c993-11e9-a014-0050560103a9', '3d15d96a-c98b-11e9-a014-0050560103a9', 'Bongani', 'Shongwe', '0007035315089', 'sibling', '2019-08-28 14:59:32', '3d15d96a-c98b-11e9-a014-0050560103a9', '2019-08-28 14:59:32', '3d15d96a-c98b-11e9-a014-0050560103a9', 1),
('ae2793a3-c993-11e9-a014-0050560103a9', '3d15d96a-c98b-11e9-a014-0050560103a9', 'Bongani', 'Shongwe', '0007035315089', 'sibling', '2019-08-28 14:59:33', '3d15d96a-c98b-11e9-a014-0050560103a9', '2019-08-28 14:59:33', '3d15d96a-c98b-11e9-a014-0050560103a9', 1),
('b44d1314-b289-11e9-b7ed-0050560103a9', '7d18ecdf-b23d-11e9-b7ed-0050560103a9', 'Nondumiso', 'Ndebele', '9405241149089', 'spouse', '2019-07-30 07:20:11', '7d18976c-b23d-11e9-b7ed-0050560103a9', '2019-07-30 07:20:11', '7d18976c-b23d-11e9-b7ed-0050560103a9', 1),
('b682883a-a89d-11e9-adc5-0050560103a9', '5187f946-a89d-11e9-adc5-0050560103a9', 'Sthandiwe ', 'Mpofana', '9202026658081', 'child', '2019-07-17 16:18:13', '5187f946-a89d-11e9-adc5-0050560103a9', '2019-07-17 16:18:13', '5187f946-a89d-11e9-adc5-0050560103a9', 1),
('b73788bb-d465-11e9-b025-0050560103a9', '15dde489-d465-11e9-b025-0050560103a9', 'Zakhele ', 'Gumede', '9411215752080', 'parent', '2019-09-11 09:28:14', '15dde489-d465-11e9-b025-0050560103a9', '2019-09-11 09:28:14', '15dde489-d465-11e9-b025-0050560103a9', 1),
('bc33faa6-c409-11e9-a014-0050560103a9', '62dff5c3-c409-11e9-a014-0050560103a9', 'Joy', 'Gemane', '9402020255086', 'sibling', '2019-08-21 13:49:30', '62dff5c3-c409-11e9-a014-0050560103a9', '2019-08-21 13:49:30', '62dff5c3-c409-11e9-a014-0050560103a9', 1),
('bca6e25a-c0bf-11e9-912d-0050560103a9', '6c7d97ce-c0bd-11e9-912d-0050560103a9', 'Lethabo', 'Riet', '1409105530888', 'child', '2019-08-17 09:22:14', '6c7d97ce-c0bd-11e9-912d-0050560103a9', '2019-08-17 09:22:14', '6c7d97ce-c0bd-11e9-912d-0050560103a9', 1),
('bea7f73a-9d84-11e9-9298-0050560103a9', '76aaac5d-9d84-11e9-9298-0050560103a9', 'Thina', 'Zondo', '11111111111', 'parent', '2019-07-03 13:21:47', '76aaac5d-9d84-11e9-9298-0050560103a9', '2019-07-03 13:21:47', '76aaac5d-9d84-11e9-9298-0050560103a9', 1),
('c1feee28-ce4e-11e9-a014-0050560103a9', 'fd5d9632-c801-11e9-a014-0050560103a9', 'Sphe sihle Fortune ', 'Kunene', '1989 _07_13', 'child', '2019-09-03 15:28:46', 'fd5d2e75-c801-11e9-a014-0050560103a9', '2019-09-03 15:28:46', 'fd5d2e75-c801-11e9-a014-0050560103a9', 1),
('c28af9fc-a20a-11e9-9298-0050560103a9', '90ac2f4f-a20a-11e9-9298-0050560103a9', 'Sifiso', 'Ndlanzi', '9102165453080', 'child', '2019-07-09 07:31:10', '90ac2f4f-a20a-11e9-9298-0050560103a9', '2019-07-09 07:31:10', '90ac2f4f-a20a-11e9-9298-0050560103a9', 1),
('cb338bf8-cdaa-11e9-a014-0050560103a9', '75344d3b-cda7-11e9-a014-0050560103a9', 'Lwiimbo', 'Muyunda', '9011261113185', 'sibling', '2019-09-02 19:55:04', '75344d3b-cda7-11e9-a014-0050560103a9', '2019-09-02 19:55:04', '75344d3b-cda7-11e9-a014-0050560103a9', 1),
('d33c3726-b6c7-11e9-a8d5-0050560103a9', 'a332bc2e-b6c6-11e9-a8d5-0050560103a9', 'Bongumusa Kwazi ', 'Mpondombi', '19940225', 'child', '2019-08-04 16:54:57', 'a332bc2e-b6c6-11e9-a8d5-0050560103a9', '2019-08-04 16:54:57', 'a332bc2e-b6c6-11e9-a8d5-0050560103a9', 1),
('d33cd26b-b6c7-11e9-a8d5-0050560103a9', 'a332bc2e-b6c6-11e9-a8d5-0050560103a9', 'Nokwethemba Budula', 'Mpondombi', '19990727', 'child', '2019-08-04 16:54:57', 'a332bc2e-b6c6-11e9-a8d5-0050560103a9', '2019-08-04 16:54:57', 'a332bc2e-b6c6-11e9-a8d5-0050560103a9', 1),
('d4076887-a89f-11e9-adc5-0050560103a9', '184e393f-a89f-11e9-adc5-0050560103a9', 'Phumlile', 'Luthuli', '8707300613082', 'parent\'s sibling', '2019-07-17 16:33:22', '184e393f-a89f-11e9-adc5-0050560103a9', '2019-07-17 16:33:22', '184e393f-a89f-11e9-adc5-0050560103a9', 1),
('d42399e2-a8ca-11e9-adc5-0050560103a9', '826ee80b-a8ca-11e9-adc5-0050560103a9', 'Bongiwe', 'Mncibi', '981006000', 'spouse', '2019-07-17 21:41:10', '826ee80b-a8ca-11e9-adc5-0050560103a9', '2019-07-17 21:41:10', '826ee80b-a8ca-11e9-adc5-0050560103a9', 1),
('db6e86a2-9c8c-11e9-9298-0050560103a9', '0e1ccd78-9c8b-11e9-9298-0050560103a9', 'Dudu', 'Zondo', '94854653357', 'parent\'s sibling', '2019-07-02 07:47:20', '0e1c909d-9c8b-11e9-9298-0050560103a9', '2019-07-02 07:47:36', '0e1c909d-9c8b-11e9-9298-0050560103a9', 1),
('dcdb30d7-9d03-11e9-9298-0050560103a9', 'f00a2e2e-9d01-11e9-9298-0050560103a9', 'SILINDILE. L', 'KHUMALO ', '8708180828089', 'sibling', '2019-07-02 21:59:12', 'f00a2e2e-9d01-11e9-9298-0050560103a9', '2019-07-02 21:59:12', 'f00a2e2e-9d01-11e9-9298-0050560103a9', 1),
('e38ef93d-c30f-11e9-a014-0050560103a9', '19c1c89f-c30d-11e9-a014-0050560103a9', 'Silungile Cheryl ', 'Mlambo', '9108200777086', 'child', '2019-08-20 08:01:02', '19c1c89f-c30d-11e9-a014-0050560103a9', '2019-08-20 08:01:02', '19c1c89f-c30d-11e9-a014-0050560103a9', 1),
('e38fee17-c30f-11e9-a014-0050560103a9', '19c1c89f-c30d-11e9-a014-0050560103a9', 'Silungile Sharon', 'Mlambo', '9008200778084', 'child', '2019-08-20 08:01:02', '19c1c89f-c30d-11e9-a014-0050560103a9', '2019-08-20 08:01:02', '19c1c89f-c30d-11e9-a014-0050560103a9', 1),
('e63a2b85-c4d3-11e9-a014-0050560103a9', 'e306454e-a427-11e9-9298-0050560103a9', 'Thembelihle', 'Nzimande', '29.02.1976', 'spouse', '2019-08-22 13:56:39', 'e305cf82-a427-11e9-9298-0050560103a9', '2019-08-22 13:56:39', 'e305cf82-a427-11e9-9298-0050560103a9', 1),
('eb4830ea-a5fb-11e9-9298-0050560103a9', '38455b50-a5b6-11e9-9298-0050560103a9', 'AYANDA HLULEKILE ', 'SIBIYA ', '9003090613089', 'sibling', '2019-07-14 07:55:01', '3844e083-a5b6-11e9-9298-0050560103a9', '2019-07-14 07:55:01', '3844e083-a5b6-11e9-9298-0050560103a9', 1),
('ebf883a4-9e6e-11e9-9298-0050560103a9', 'c27eb948-9e6e-11e9-9298-0050560103a9', 'test 2', 'demo', '909847675899984', 'sibling', '2019-07-04 17:18:05', 'c27eb948-9e6e-11e9-9298-0050560103a9', '2019-07-04 17:22:20', 'c27eb948-9e6e-11e9-9298-0050560103a9', 1),
('efd36bfb-c98f-11e9-a014-0050560103a9', '3d15d96a-c98b-11e9-a014-0050560103a9', 'Bongani', 'Shongwe', '0007035315089', 'sibling', '2019-08-28 14:32:45', '3d15d96a-c98b-11e9-a014-0050560103a9', '2019-08-28 14:32:45', '3d15d96a-c98b-11e9-a014-0050560103a9', 1),
('f538941d-9c8c-11e9-9298-0050560103a9', '0e1ccd78-9c8b-11e9-9298-0050560103a9', 'Thona', 'Zondo', '84578033357', 'parent', '2019-07-02 07:48:03', '0e1c909d-9c8b-11e9-9298-0050560103a9', '2019-07-02 07:48:03', '0e1c909d-9c8b-11e9-9298-0050560103a9', 1),
('fcc3a739-a816-11e9-adc5-0050560103a9', '6718640f-a816-11e9-adc5-0050560103a9', 'Sthandiwe ', 'Mpofana ', '9202026658081', 'sibling', '2019-07-17 00:13:49', '6718640f-a816-11e9-adc5-0050560103a9', '2019-07-17 00:13:49', '6718640f-a816-11e9-adc5-0050560103a9', 1);

-- --------------------------------------------------------

--
-- Table structure for table `bonus`
--

CREATE TABLE `bonus` (
  `bonusId` varchar(225) NOT NULL,
  `Amount` decimal(10,0) NOT NULL,
  `ClientId` varchar(225) NOT NULL,
  `ParentId` varchar(225) DEFAULT NULL,
  `CreateDate` datetime NOT NULL DEFAULT CURRENT_TIMESTAMP,
  `CreateUserId` varchar(225) NOT NULL,
  `ModifyDate` datetime NOT NULL DEFAULT CURRENT_TIMESTAMP,
  `ModifyUserId` varchar(225) NOT NULL,
  `StatusId` int(11) NOT NULL
) ENGINE=InnoDB DEFAULT CHARSET=latin1;

--
-- Dumping data for table `bonus`
--

INSERT INTO `bonus` (`bonusId`, `Amount`, `ClientId`, `ParentId`, `CreateDate`, `CreateUserId`, `ModifyDate`, `ModifyUserId`, `StatusId`) VALUES
('0335aeb6-c034-11e9-912d-0050560103a9', 400, 'new', 'af4cfa2f-b217-11e9-b7ed-0050560103a9', '2019-08-16 16:42:03', 'SYS', '2019-08-16 16:42:03', 'SYS', 1),
('1051dace-c819-11e9-a014-0050560103a9', 3000, 'new', 'e306454e-a427-11e9-9298-0050560103a9', '2019-08-26 17:49:18', 'SYS', '2019-08-26 17:49:18', 'SYS', 1),
('1258cd81-abea-11e9-adc5-0050560103a9', 3000, 'new', '38455b50-a5b6-11e9-9298-0050560103a9', '2019-07-21 21:02:23', 'SYS', '2019-07-21 21:02:23', 'SYS', 1),
('14e3d24b-ced0-11e9-b025-0050560103a9', 250, '8705eb63-9d87-11e9-9298-0050560103a9', 'f3cbe683-9d8a-11e9-9298-0050560103a9', '2019-09-04 06:54:31', 'SYS', '2019-09-04 06:54:31', 'SYS', 1),
('1d7b095f-a648-11e9-9298-0050560103a9', 1500, 'f00a2e2e-9d01-11e9-9298-0050560103a9', '03fbda75-a59d-11e9-9298-0050560103a9', '2019-07-14 17:00:27', 'SYS', '2019-07-14 17:00:27', 'SYS', 1),
('21f9855b-c420-11e9-a014-0050560103a9', 250, 'new', '76b744ef-c2bb-11e9-912d-0050560103a9', '2019-08-21 16:29:49', 'SYS', '2019-08-21 16:29:49', 'SYS', 1),
('35cf9de6-9e81-11e9-9298-0050560103a9', 2500, 'new', '76aaac5d-9d84-11e9-9298-0050560103a9', '2019-07-04 19:29:00', 'SYS', '2019-07-04 19:29:00', 'SYS', 1),
('380b903b-d579-11e9-b025-0050560103a9', 250, 'da1e961a-9c88-11e9-9298-0050560103a9', 'ad7f38ef-d572-11e9-b025-0050560103a9', '2019-09-12 18:20:21', 'SYS', '2019-09-12 18:20:21', 'SYS', 1),
('3832973b-b23b-11e9-b7ed-0050560103a9', 300, 'new', 'af4cfa2f-b217-11e9-b7ed-0050560103a9', '2019-07-29 21:58:22', 'SYS', '2019-07-29 21:58:22', 'SYS', 1),
('3bacf3b2-9e81-11e9-9298-0050560103a9', 1000, '8705eb63-9d87-11e9-9298-0050560103a9', 'f3cbe683-9d8a-11e9-9298-0050560103a9', '2019-07-04 19:29:10', 'SYS', '2019-07-04 19:29:10', 'SYS', 1),
('3d07da74-a2db-11e9-9298-0050560103a9', 250, 'new', '65a7b96b-a24b-11e9-9298-0050560103a9', '2019-07-10 08:23:31', 'SYS', '2019-07-10 08:23:31', 'SYS', 1),
('4b34b6ef-ce26-11e9-a014-0050560103a9', 1750, 'f00a2e2e-9d01-11e9-9298-0050560103a9', 'ccf9af08-ce15-11e9-a014-0050560103a9', '2019-09-03 10:39:07', 'SYS', '2019-09-03 10:39:07', 'SYS', 1),
('5992c122-9e81-11e9-9298-0050560103a9', 500, 'new', '8705eb63-9d87-11e9-9298-0050560103a9', '2019-07-04 19:30:00', 'SYS', '2019-07-04 19:30:00', 'SYS', 1),
('7281e843-bec9-11e9-912d-0050560103a9', 250, 'new', 'e7da1afd-be67-11e9-912d-0050560103a9', '2019-08-14 21:26:43', 'SYS', '2019-08-14 21:26:43', 'SYS', 1),
('7f5dae3d-bf91-11e9-912d-0050560103a9', 250, 'new', 'e8784dfc-af84-11e9-adc5-0050560103a9', '2019-08-15 21:18:43', 'SYS', '2019-08-15 21:18:43', 'SYS', 1),
('80d00e29-b8e3-11e9-9595-0050560103a9', 500, 'new', 'a332bc2e-b6c6-11e9-a8d5-0050560103a9', '2019-08-07 09:18:06', 'SYS', '2019-08-07 09:18:06', 'SYS', 1),
('81014b5d-d218-11e9-b025-0050560103a9', 500, 'new', '3d15d96a-c98b-11e9-a014-0050560103a9', '2019-09-08 11:10:29', 'SYS', '2019-09-08 11:10:29', 'SYS', 1),
('81d935e0-b5c5-11e9-a8d5-0050560103a9', 2000, 'da1e961a-9c88-11e9-9298-0050560103a9', '84d2b372-b4fe-11e9-a8d5-0050560103a9', '2019-08-03 10:05:50', 'SYS', '2019-08-03 10:05:50', 'SYS', 1),
('90573504-cbb2-11e9-a014-0050560103a9', 5000, 'af4cfa2f-b217-11e9-b7ed-0050560103a9', 'eb142865-cb3f-11e9-a014-0050560103a9', '2019-08-31 07:45:39', 'SYS', '2019-08-31 07:45:39', 'SYS', 1),
('93721848-b4d3-11e9-a8d5-0050560103a9', 250, 'f00a2e2e-9d01-11e9-9298-0050560103a9', '4d8d69b1-b47f-11e9-a8d5-0050560103a9', '2019-08-02 05:14:01', 'SYS', '2019-08-02 05:14:01', 'SYS', 1),
('a25d3c19-a8d5-11e9-adc5-0050560103a9', 250, 'da1e961a-9c88-11e9-9298-0050560103a9', '184e393f-a89f-11e9-adc5-0050560103a9', '2019-07-17 22:58:31', 'SYS', '2019-07-17 22:58:31', 'SYS', 1),
('a52e17b5-9d6c-11e9-9298-0050560103a9', 1000, 'da1e961a-9c88-11e9-9298-0050560103a9', 'f00a2e2e-9d01-11e9-9298-0050560103a9', '2019-07-03 10:29:16', 'SYS', '2019-07-03 10:29:16', 'SYS', 1),
('ab34a3a8-a8d5-11e9-adc5-0050560103a9', 250, 'da1e961a-9c88-11e9-9298-0050560103a9', 'cc4ec376-a8c5-11e9-adc5-0050560103a9', '2019-07-17 22:58:46', 'SYS', '2019-07-17 22:58:46', 'SYS', 1),
('ac126cba-c8d2-11e9-a014-0050560103a9', 500, 'new', 'fd5d9632-c801-11e9-a014-0050560103a9', '2019-08-27 15:57:56', 'SYS', '2019-08-27 15:57:56', 'SYS', 1),
('ac60300b-c8d2-11e9-a014-0050560103a9', 500, 'new', 'fd5d9632-c801-11e9-a014-0050560103a9', '2019-08-27 15:57:57', 'SYS', '2019-08-27 15:57:57', 'SYS', 1),
('b1ab0e49-c8d2-11e9-a014-0050560103a9', 3750, 'new', 'fd5d9632-c801-11e9-a014-0050560103a9', '2019-08-27 15:58:06', 'SYS', '2019-08-27 15:58:06', 'SYS', 1),
('b467a4a1-ce50-11e9-a014-0050560103a9', 500, 'new', 'fd5d9632-c801-11e9-a014-0050560103a9', '2019-09-03 15:42:43', 'SYS', '2019-09-03 15:42:43', 'SYS', 1),
('bde86a8f-b08b-11e9-adc5-0050560103a9', 250, 'new', 'e8784dfc-af84-11e9-adc5-0050560103a9', '2019-07-27 18:29:44', 'SYS', '2019-07-27 18:29:44', 'SYS', 1),
('c2773513-b6a5-11e9-a8d5-0050560103a9', 263, 'new', '69577f94-9d03-11e9-9298-0050560103a9', '2019-08-04 12:51:05', 'SYS', '2019-08-04 12:51:05', 'SYS', 1),
('cbd238ac-a73f-11e9-9298-0050560103a9', 500, 'new', '0935bdf1-a557-11e9-9298-0050560103a9', '2019-07-15 22:33:25', 'SYS', '2019-07-15 22:33:25', 'SYS', 1),
('d1bb6cec-ab02-11e9-adc5-0050560103a9', 2500, 'f00a2e2e-9d01-11e9-9298-0050560103a9', 'fba5699a-aa34-11e9-adc5-0050560103a9', '2019-07-20 17:27:00', 'SYS', '2019-07-20 17:27:00', 'SYS', 1),
('d7fcb24c-a89b-11e9-adc5-0050560103a9', 500, 'da1e961a-9c88-11e9-9298-0050560103a9', '26a85cce-a76b-11e9-9298-0050560103a9', '2019-07-17 16:04:50', 'SYS', '2019-07-17 16:04:50', 'SYS', 1),
('e22dbe29-c974-11e9-a014-0050560103a9', 250, 'new', 'e7da1afd-be67-11e9-912d-0050560103a9', '2019-08-28 11:19:05', 'SYS', '2019-08-28 11:19:05', 'SYS', 1),
('e8d21fb8-ac25-11e9-adc5-0050560103a9', 500, 'da1e961a-9c88-11e9-9298-0050560103a9', 'f00a2e2e-9d01-11e9-9298-0050560103a9', '2019-07-22 04:10:43', 'SYS', '2019-07-22 04:10:43', 'SYS', 1),
('eebe8758-b746-11e9-a8d5-0050560103a9', 650, 'new', 'af4cfa2f-b217-11e9-b7ed-0050560103a9', '2019-08-05 08:04:49', 'SYS', '2019-08-05 08:04:49', 'SYS', 1),
('eebf95cd-b746-11e9-a8d5-0050560103a9', 650, 'new', 'af4cfa2f-b217-11e9-b7ed-0050560103a9', '2019-08-05 08:04:49', 'SYS', '2019-08-05 08:04:49', 'SYS', 1),
('eed7731c-b746-11e9-a8d5-0050560103a9', 650, 'new', 'af4cfa2f-b217-11e9-b7ed-0050560103a9', '2019-08-05 08:04:49', 'SYS', '2019-08-05 08:04:49', 'SYS', 1),
('f6fb0f9f-d614-11e9-b025-0050560103a9', 250, 'new', '0671dabb-b4e5-11e9-a8d5-0050560103a9', '2019-09-13 12:55:14', 'SYS', '2019-09-13 12:55:14', 'SYS', 1);

-- --------------------------------------------------------

--
-- Table structure for table `clients`
--

CREATE TABLE `clients` (
  `ClientId` varchar(225) NOT NULL,
  `ClientRef` int(10) NOT NULL,
  `UserId` varchar(225) NOT NULL,
  `FirstName` varchar(225) NOT NULL,
  `MiddleName` varchar(225) DEFAULT NULL,
  `Surname` varchar(225) NOT NULL,
  `Province` varchar(225) NOT NULL,
  `Address` varchar(225) NOT NULL,
  `IDNumber` varchar(225) NOT NULL,
  `Gender` varchar(6) NOT NULL,
  `Country` varchar(100) DEFAULT NULL,
  `City` varchar(225) DEFAULT NULL,
  `PostCode` varchar(225) DEFAULT NULL,
  `ParentId` varchar(225) DEFAULT NULL,
  `CreateDate` datetime NOT NULL DEFAULT CURRENT_TIMESTAMP,
  `CreateUserId` varchar(225) NOT NULL,
  `ModifyDate` datetime NOT NULL DEFAULT CURRENT_TIMESTAMP,
  `ModifyUserId` varchar(225) NOT NULL,
  `StatusId` int(11) NOT NULL
) ENGINE=InnoDB DEFAULT CHARSET=latin1;

--
-- Dumping data for table `clients`
--

INSERT INTO `clients` (`ClientId`, `ClientRef`, `UserId`, `FirstName`, `MiddleName`, `Surname`, `Province`, `Address`, `IDNumber`, `Gender`, `Country`, `City`, `PostCode`, `ParentId`, `CreateDate`, `CreateUserId`, `ModifyDate`, `ModifyUserId`, `StatusId`) VALUES
('0005814f-baa5-11e9-9595-0050560103a9', 56, '0004f991-baa5-11e9-9595-0050560103a9', 'Thembinkosi', NULL, 'Khoza', 'KWAZULU-NATAL ', 'N/A', '8707305438089', 'Male', 'South Africa', 'DURBAN ', '0000', '38455b50-a5b6-11e9-9298-0050560103a9', '2019-08-09 14:55:44', 'SYSTEM_WEB', '2019-08-09 14:55:44', 'SYSTEM_WEB', 4),
('00bbec0f-871b-11e9-bdcc-005056010374', 2, '00bb958f-871b-11e9-bdcc-005056010388', 'Admin', NULL, 'Citgo', 'hgfh', 'This is Admin one', '25856666', 'Male', 'South Africa', 'Johanesburg', '0000', '', '2019-06-05 00:49:25', 'SYSTEM_WEB', '2019-07-17 06:53:36', '00bb958f-871b-11e9-bdcc-005056010388', 4),
('03fbda75-a59d-11e9-9298-0050560103a9', 24, '03fb7022-a59d-11e9-9298-0050560103a9', 'VELAPHI ERICK', NULL, 'ZULU ', 'Mpumalanga ', 'N/A', '8705285288086', 'Male', 'South Africa', 'Ermelo', '0000', 'f00a2e2e-9d01-11e9-9298-0050560103a9', '2019-07-13 20:35:40', 'SYSTEM_WEB', '2019-07-13 20:35:40', 'SYSTEM_WEB', 4),
('0413e2cb-ab2d-11e9-adc5-0050560103a9', 45, '0413314a-ab2d-11e9-adc5-0050560103a9', 'PhindileMbomu', NULL, 'Sibiya', 'KwaZulu Natal', 'N/A', '8610310785082', 'Female', 'South Africa', 'Mtubatuba', '0000', 'f00a2e2e-9d01-11e9-9298-0050560103a9', '2019-07-20 22:29:04', 'SYSTEM_WEB', '2019-07-20 22:29:04', 'SYSTEM_WEB', 4),
('0671dabb-b4e5-11e9-a8d5-0050560103a9', 52, '06717999-b4e5-11e9-a8d5-0050560103a9', 'Gcina', NULL, 'Mncwango', 'KwaZulu Natal', 'N/A', '8701166100086', 'Male', 'South Africa', 'Durban (Umlazi town ship)', '0000', 'new', '2019-08-02 07:18:56', 'SYSTEM_WEB', '2019-08-02 07:18:56', 'SYSTEM_WEB', 4),
('0935bdf1-a557-11e9-9298-0050560103a9', 23, '092cf8e7-a557-11e9-9298-0050560103a9', 'Nelisiwe Florence', NULL, 'Ncube', 'kzn', 'N/A', '7706050840086', 'Female', 'South Africa', 'durban', '0000', 'new', '2019-07-13 12:14:44', 'SYSTEM_WEB', '2019-07-13 12:14:44', 'SYSTEM_WEB', 4),
('09c777d6-af1e-11e9-adc5-0050560103a9', 47, '09c72d3d-af1e-11e9-adc5-0050560103a9', 'Thembi ', NULL, 'NgcoboMaseko', 'Mpumalanga', 'N/A', '5705250410080', 'Female', 'South Africa', 'Piet Retief', '0000', 'new', '2019-07-25 22:51:55', 'SYSTEM_WEB', '2019-07-25 22:51:55', 'SYSTEM_WEB', 4),
('0d48cdc3-ce7e-11e9-a014-0050560103a9', 77, '0d47d88b-ce7e-11e9-a014-0050560103a9', 'Sakhile ', NULL, 'Mnguni ', 'KwaZulu Natal', 'N/A', '9411215750084', 'Male', 'South Africa', 'Pinetown', '0000', 'new', '2019-09-03 21:07:19', 'SYSTEM_WEB', '2019-09-03 21:07:19', 'SYSTEM_WEB', 4),
('0e1ccd78-9c8b-11e9-9298-0050560103a9', 4, '0e1c909d-9c8b-11e9-9298-0050560103a9', 'Saziso', NULL, 'Test', 'Gauteng', 'N/A', '9368468935568', 'Male', 'South Africa', 'Johannesburg', '0000', '', '2019-07-02 07:34:26', 'SYSTEM_WEB', '2019-07-17 13:30:18', '0e1c909d-9c8b-11e9-9298-0050560103a9', 3),
('0f8ca003-a10a-11e9-9298-0050560103a9', 15, '0f8c45eb-a10a-11e9-9298-0050560103a9', 'THOKOZANI LANGA', NULL, 'SUKAZI', 'Mpumalanga', 'N/A', '9105106351081', 'Male', 'South Africa', 'Ermelo', '0000', 'new', '2019-07-08 00:53:39', 'SYSTEM_WEB', '2019-07-08 00:53:39', 'SYSTEM_WEB', 4),
('12e02eae-a3d9-11e9-9298-0050560103a9', 19, '12dfd4c7-a3d9-11e9-9298-0050560103a9', 'Judy', NULL, 'Mbadamana', 'KZN', 'N/A', '6207080814085', 'Female', 'South Africa', 'Harding', '0000', 'da1e961a-9c88-11e9-9298-0050560103a9', '2019-07-11 14:40:33', 'SYSTEM_WEB', '2019-07-11 14:40:33', 'SYSTEM_WEB', 4),
('15dde489-d465-11e9-b025-0050560103a9', 82, '15dc1f8e-d465-11e9-b025-0050560103a9', 'Amanda ', NULL, 'Gumede', 'KZN', 'N/A', '0003210656082', 'Female', 'South Africa', 'Mtubatuba', '0000', 'new', '2019-09-11 09:23:43', 'SYSTEM_WEB', '2019-09-11 09:23:43', 'SYSTEM_WEB', 4),
('184e393f-a89f-11e9-adc5-0050560103a9', 33, '184d88f4-a89f-11e9-adc5-0050560103a9', 'Thembelihle ', NULL, 'Shinga ', 'KwaZulu Natal', 'N/A', '9808196259086', 'Male', 'South Africa', 'Durban', '0000', 'da1e961a-9c88-11e9-9298-0050560103a9', '2019-07-17 16:28:07', 'SYSTEM_WEB', '2019-07-17 16:28:07', 'SYSTEM_WEB', 4),
('19c1c89f-c30d-11e9-a014-0050560103a9', 68, '19c1322c-c30d-11e9-a014-0050560103a9', 'Ntombiyenkonzo ', NULL, 'Mlambo', 'KwaZulu-Natal', 'N/A', '7412210262085', 'Female', 'South Africa', 'uMhlathuze', '0000', 'c328224b-c28d-11e9-912d-0050560103a9', '2019-08-20 07:41:04', 'SYSTEM_WEB', '2019-08-20 07:41:04', 'SYSTEM_WEB', 4),
('1db34924-aa30-11e9-adc5-0050560103a9', 40, '1db23050-aa30-11e9-adc5-0050560103a9', 'Ndumiso protus ', NULL, 'Sibiya ', 'Kwazulu-natal ', 'N/A', '9111315764088', 'Male', 'South Africa', 'Umlazi', '0000', 'new', '2019-07-19 16:18:44', 'SYSTEM_WEB', '2019-07-19 16:18:44', 'SYSTEM_WEB', 4),
('203eb72c-c2c0-11e9-912d-0050560103a9', 67, '20385228-c2c0-11e9-912d-0050560103a9', 'Xolile', NULL, 'Mahlangu', 'Gauteng', 'N/A', '9912015667089', 'Male', 'South Africa', 'Pretoria', '0000', 'cc4ec376-a8c5-11e9-adc5-0050560103a9', '2019-08-19 22:30:04', 'SYSTEM_WEB', '2019-08-19 22:30:04', 'SYSTEM_WEB', 4),
('26a85cce-a76b-11e9-9298-0050560103a9', 27, '26a7db2b-a76b-11e9-9298-0050560103a9', 'Sabelo', NULL, 'BIYELA', 'KwaZulu-Natal', 'N/A', '9006115875088', 'Male', 'South Africa', 'Pietermaritzburg', '0000', 'da1e961a-9c88-11e9-9298-0050560103a9', '2019-07-16 03:43:46', 'SYSTEM_WEB', '2019-07-16 03:43:46', 'SYSTEM_WEB', 4),
('2f28d8e3-aa52-11e9-adc5-0050560103a9', 43, '2f289a42-aa52-11e9-adc5-0050560103a9', 'Samukelisiwe', NULL, 'Mbatha', 'KwaZulu-Natal', 'N/A', '9509280973083', 'Female', 'South Africa', 'Ladysmith', '0000', 'new', '2019-07-19 20:22:36', 'SYSTEM_WEB', '2019-07-19 20:22:36', 'SYSTEM_WEB', 4),
('38455b50-a5b6-11e9-9298-0050560103a9', 25, '3844e083-a5b6-11e9-9298-0050560103a9', 'PHINDILE MIRRIAM', NULL, 'SIBIYA', 'KWAZULU-NATAL', 'N/A', '8610310785082', 'Female', 'South Africa', 'MTUBATUBA', '0000', 'new', '2019-07-13 23:36:05', 'SYSTEM_WEB', '2019-07-13 23:36:05', 'SYSTEM_WEB', 4),
('392b4b44-9fbe-11e9-9298-0050560103a9', 14, '392b08ca-9fbe-11e9-9298-0050560103a9', 'Gugu Portia', NULL, 'Sibanyoni', 'Mpumalanga ', 'N/A', '9008270232089', 'Female', 'South Africa', 'Ermelo ', '0000', 'new', '2019-07-06 09:18:16', 'SYSTEM_WEB', '2019-07-06 09:18:16', 'SYSTEM_WEB', 4),
('3d15d96a-c98b-11e9-a014-0050560103a9', 71, '3d156962-c98b-11e9-a014-0050560103a9', 'Lihle', NULL, 'Mchunu', 'Mpumalanga', 'N/A', '9307035296086', 'Male', 'South Africa', 'Ermelo', '0000', 'new', '2019-08-28 13:59:07', 'SYSTEM_WEB', '2019-08-28 13:59:07', 'SYSTEM_WEB', 4),
('3d16fb4d-aa2f-11e9-adc5-0050560103a9', 39, '3d1699d4-aa2f-11e9-adc5-0050560103a9', 'Ndumiso protus', NULL, 'Sibiya', 'Kwazulu-natal', 'N/A', '9112315764088', 'Male', 'South Africa', 'Umlazi', '0000', 'new', '2019-07-19 16:12:27', 'SYSTEM_WEB', '2019-07-19 16:12:27', 'SYSTEM_WEB', 4),
('425fd071-cdac-11e9-a014-0050560103a9', 75, '425f95d1-cdac-11e9-a014-0050560103a9', 'Khayalethu ', NULL, 'Klaas', 'Eastern Cape ', 'N/A', '9110036073086', 'Male', 'South Africa', 'Barkly East', '0000', '75344d3b-cda7-11e9-a014-0050560103a9', '2019-09-02 20:05:34', 'SYSTEM_WEB', '2019-09-02 20:05:34', 'SYSTEM_WEB', 4),
('45481f30-d70a-11e9-b025-0050560103a9', 84, '4546d5c8-d70a-11e9-b025-0050560103a9', 'Samukelisiwe ', NULL, 'Ngcobo', 'Kwazulunatal', 'N/A', '9201020472085', 'Female', 'South Africa', 'Durban ', '0000', 'new', '2019-09-14 18:11:12', 'SYSTEM_WEB', '2019-09-14 18:11:12', 'SYSTEM_WEB', 4),
('4d8d69b1-b47f-11e9-a8d5-0050560103a9', 51, '4d8cf9d7-b47f-11e9-a8d5-0050560103a9', 'MBALI', NULL, 'ZULU', 'MPUMALANGA', 'N/A', '9105300451083', 'Female', 'South Africa', 'Ermelo', '0000', 'f00a2e2e-9d01-11e9-9298-0050560103a9', '2019-08-01 19:10:46', 'SYSTEM_WEB', '2019-08-01 19:10:46', 'SYSTEM_WEB', 4),
('5187f946-a89d-11e9-adc5-0050560103a9', 32, '51878f09-a89d-11e9-adc5-0050560103a9', 'Sthandiwe ', NULL, 'Mpofana ', 'Eastern Cape', 'N/A', '9202026658081', 'Male', 'South Africa', 'Bizana', '0000', 'da1e961a-9c88-11e9-9298-0050560103a9', '2019-07-17 16:15:24', 'SYSTEM_WEB', '2019-09-11 15:53:14', '51878f09-a89d-11e9-adc5-0050560103a9', 3),
('557f3799-a6cb-11e9-9298-0050560103a9', 26, '557ed786-a6cb-11e9-9298-0050560103a9', 'Neo', NULL, 'Gabotlhaelwe', 'Northwest', 'N/A', '8204075459081', 'Male', 'South Africa', 'Mafikeng', '0000', 'new', '2019-07-15 08:39:45', 'SYSTEM_WEB', '2019-07-15 08:39:45', 'SYSTEM_WEB', 4),
('5ef0b18f-bd6c-11e9-912d-0050560103a9', 58, '5ef05c36-bd6c-11e9-912d-0050560103a9', 'aaaaaaaaaaaa', NULL, 'aaaaaaaaaaaa', 'jhb', 'N/A', '2222222222222222', 'Female', 'South Africa', 'jhb', '0000', 'new', '2019-08-13 03:47:55', 'SYSTEM_WEB', '2019-08-29 12:35:47', '5ef05c36-bd6c-11e9-912d-0050560103a9', 10),
('61dad7bc-c061-11e9-912d-0050560103a9', 62, '61da7626-c061-11e9-912d-0050560103a9', 'Puleng', NULL, 'Moletsane', 'Western Cape', 'N/A', '0103080772082', 'Female', 'South Africa', 'Cape Town', '0000', 'new', '2019-08-16 22:06:49', 'SYSTEM_WEB', '2019-08-16 22:06:49', 'SYSTEM_WEB', 4),
('62dff5c3-c409-11e9-a014-0050560103a9', 69, '62df6dd5-c409-11e9-a014-0050560103a9', 'Pam', NULL, 'Gemane', 'Eastern Cape', 'N/A', '600708040365086', 'Female', 'South Africa', 'Mthatha', '0000', 'new', '2019-08-21 13:47:00', 'SYSTEM_WEB', '2019-08-21 13:47:00', 'SYSTEM_WEB', 4),
('65a7b96b-a24b-11e9-9298-0050560103a9', 18, '65a72d5e-a24b-11e9-9298-0050560103a9', 'MarthaWinnies Duduzile', NULL, 'Buthelezi', 'Kwazulu natal', 'N/A', '7212080435088', 'Female', 'South Africa', 'Newcastle', '0000', 'new', '2019-07-09 15:13:52', 'SYSTEM_WEB', '2019-07-09 15:13:52', 'SYSTEM_WEB', 4),
('6718640f-a816-11e9-adc5-0050560103a9', 29, '671810c9-a816-11e9-adc5-0050560103a9', 'Sthandiwe', NULL, 'Mpofana', 'Eastern Cape', 'N/A', '9202026658081', 'Male', 'South Africa', 'Bizana', '0000', 'da1e961a-9c88-11e9-9298-0050560103a9', '2019-07-17 00:09:38', 'SYSTEM_WEB', '2019-08-29 12:37:56', '671810c9-a816-11e9-adc5-0050560103a9', 10),
('679914ac-a93b-11e9-adc5-0050560103a9', 38, '6798af17-a93b-11e9-adc5-0050560103a9', 'Elsie Silungile', NULL, 'Luvuno', 'Kwazulu natal ', 'N/A', '6712250544081.', 'Female', 'South Africa', 'Newcastle ', '0000', 'new', '2019-07-18 11:07:01', 'SYSTEM_WEB', '2019-07-20 17:05:12', '6798af17-a93b-11e9-adc5-0050560103a9', 4),
('69577f94-9d03-11e9-9298-0050560103a9', 6, '69573a39-9d03-11e9-9298-0050560103a9', 'NdumisoTest', NULL, 'MtheTest', 'GP', 'N/A', '989877878', 'Male', 'South Africa', 'Johanesburg', '0000', 'new', '2019-07-02 21:55:58', 'SYSTEM_WEB', '2019-07-02 22:05:03', '69573a39-9d03-11e9-9298-0050560103a9', 3),
('699e37fe-9f1b-11e9-9298-0050560103a9', 12, '699dc24f-9f1b-11e9-9298-0050560103a9', 'Zamokuhle', NULL, 'Luthuli', 'KZN', 'N/A', '9406085780088', 'Male', 'South Africa', 'Waterloo', '0000', 'da1e961a-9c88-11e9-9298-0050560103a9', '2019-07-05 13:52:49', 'SYSTEM_WEB', '2019-07-05 13:52:49', 'SYSTEM_WEB', 4),
('6c7d97ce-c0bd-11e9-912d-0050560103a9', 63, '6c7d24da-c0bd-11e9-912d-0050560103a9', 'Thabo', NULL, 'Tshite', 'Northern Cape', 'N/A', '8803175492080', 'Male', 'South Africa', 'Kuruman', '0000', 'new', '2019-08-17 09:05:41', 'SYSTEM_WEB', '2019-08-17 09:05:41', 'SYSTEM_WEB', 4),
('75344d3b-cda7-11e9-a014-0050560103a9', 74, '7533f0f8-cda7-11e9-a014-0050560103a9', 'Loma', NULL, 'Muyunda', 'KwaZulu Natal', 'N/A', '8610115963181', 'Male', 'South Africa', 'Utrecht', '0000', 'new', '2019-09-02 19:31:12', 'SYSTEM_WEB', '2019-09-02 19:31:12', 'SYSTEM_WEB', 4),
('76aaac5d-9d84-11e9-9298-0050560103a9', 7, '76aa3741-9d84-11e9-9298-0050560103a9', 'Saziso', NULL, 'Ngubane', 'Gauteng', 'N/A', '9505085920089', 'Male', 'South Africa', 'Johannesburg', '0000', 'new', '2019-07-03 13:19:46', 'SYSTEM_WEB', '2019-07-03 13:19:46', 'SYSTEM_WEB', 4),
('76b744ef-c2bb-11e9-912d-0050560103a9', 66, '76b6c83c-c2bb-11e9-912d-0050560103a9', 'Bongani', NULL, 'Dlamini', 'KwaZulu Natal', 'N/A', '9112185712084', 'Male', 'South Africa', 'Vryheid', '0000', 'new', '2019-08-19 21:56:41', 'SYSTEM_WEB', '2019-08-19 21:56:41', 'SYSTEM_WEB', 4),
('7d18ecdf-b23d-11e9-b7ed-0050560103a9', 50, '7d18976c-b23d-11e9-b7ed-0050560103a9', 'Thembinkosi', NULL, 'Khoza', 'KWAZULU-NATAL ', 'N/A', '8707305438089', 'Male', 'South Africa', 'DURBAN ', '0000', 'new', '2019-07-29 22:14:37', 'SYSTEM_WEB', '2019-07-29 22:14:37', 'SYSTEM_WEB', 4),
('826ee80b-a8ca-11e9-adc5-0050560103a9', 35, '826e78d0-a8ca-11e9-adc5-0050560103a9', 'Bongani', NULL, 'Zwane', 'KZN', 'N/A', '9407125416089', 'Male', 'South Africa', 'Nquthu', '0000', 'new', '2019-07-17 21:38:53', 'SYSTEM_WEB', '2019-07-17 21:38:53', 'SYSTEM_WEB', 4),
('82edea57-a4de-11e9-9298-0050560103a9', 22, '82ed47b1-a4de-11e9-9298-0050560103a9', 'Nandipha', NULL, 'Botha', 'Free State ', 'N/A', '8109020523081', 'Female', 'South Africa', 'Bloemfontein ', '0000', 'new', '2019-07-12 21:51:59', 'SYSTEM_WEB', '2019-07-12 21:51:59', 'SYSTEM_WEB', 4),
('83b4a5b0-a7b8-11e9-9298-0050560103a9', 28, '83b431fb-a7b8-11e9-9298-0050560103a9', 'Thandukwazi', NULL, 'Ncube', 'KZN', 'N/A', '8210275677083', 'Male', 'South Africa', 'Durban', '0000', 'new', '2019-07-16 12:57:33', 'SYSTEM_WEB', '2019-09-14 13:16:34', '83b431fb-a7b8-11e9-9298-0050560103a9', 10),
('84d2b372-b4fe-11e9-a8d5-0050560103a9', 53, '84d239ac-b4fe-11e9-a8d5-0050560103a9', 'Zwelihle', NULL, 'Makhathini ', 'KwaZulu Natal', 'N/A', '8806116081086', 'Male', 'South Africa', 'Durban', '0000', 'da1e961a-9c88-11e9-9298-0050560103a9', '2019-08-02 10:21:25', 'SYSTEM_WEB', '2019-08-02 10:21:25', 'SYSTEM_WEB', 4),
('8705eb63-9d87-11e9-9298-0050560103a9', 8, '87057b6f-9d87-11e9-9298-0050560103a9', 'Lettie vangile', NULL, 'Kunene', 'Kwazulu natal', 'N/A', '6909080647080', 'Female', 'South Africa', 'Newcastle ', '0000', 'new', '2019-07-03 13:41:42', 'SYSTEM_WEB', '2019-07-03 13:41:42', 'SYSTEM_WEB', 4),
('8b84cbc8-d3e2-11e9-b025-0050560103a9', 81, '8b80c0c8-d3e2-11e9-b025-0050560103a9', 'Sabelo', NULL, 'Madi', 'Kwazulu natal', 'N/A', '9512265632088', 'Male', 'South Africa', 'Newcastle ', '0000', 'new', '2019-09-10 17:49:16', 'SYSTEM_WEB', '2019-09-10 17:49:16', 'SYSTEM_WEB', 4),
('90ac2f4f-a20a-11e9-9298-0050560103a9', 17, '90ab9c5f-a20a-11e9-9298-0050560103a9', 'Sifiso', NULL, 'Ndlanzi', 'KwaZulu-Natal', 'N/A', '9102165453080', 'Male', 'South Africa', 'Westville', '0000', 'new', '2019-07-09 07:29:47', 'SYSTEM_WEB', '2019-07-09 07:29:47', 'SYSTEM_WEB', 4),
('9281c3c6-a88e-11e9-adc5-0050560103a9', 31, '92813a93-a88e-11e9-adc5-0050560103a9', 'Thembelihle ', NULL, 'Shinga', 'KwaZulu Natal', 'N/A', '9808196259086', 'Male', 'South Africa', 'Durban', '0000', 'new', '2019-07-17 14:29:50', 'SYSTEM_WEB', '2019-07-17 14:29:50', 'SYSTEM_WEB', 4),
('980d8848-9f12-11e9-9298-0050560103a9', 11, '980d340e-9f12-11e9-9298-0050560103a9', 'Provider', NULL, 'Nyoni', 'Mpumalanga', 'N/A', '9311280784085', 'Female', 'South Africa', 'Elukwatini', '0000', 'new', '2019-07-05 12:49:42', 'SYSTEM_WEB', '2019-07-05 12:49:42', 'SYSTEM_WEB', 4),
('9ca0e558-d0dd-11e9-b025-0050560103a9', 79, '9ca06504-d0dd-11e9-b025-0050560103a9', 'Celimpilo', NULL, 'Sithole', 'KwaZulu-Natal', 'N/A', '9401105834080', 'Male', 'South Africa', 'Pietermaritzburg', '0000', 'new', '2019-09-06 21:36:24', 'SYSTEM_WEB', '2019-09-06 21:36:24', 'SYSTEM_WEB', 4),
('a332bc2e-b6c6-11e9-a8d5-0050560103a9', 55, 'a3310f0f-b6c6-11e9-a8d5-0050560103a9', 'Phumzile Angle', NULL, 'Mpondombi', 'Kwazulunatal', 'N/A', '7110210463089', 'Female', 'South Africa', 'Newcastle', '0000', 'new', '2019-08-04 16:46:26', 'SYSTEM_WEB', '2019-08-04 16:46:26', 'SYSTEM_WEB', 4),
('a3c0ad14-bd68-11e9-912d-0050560103a9', 57, 'a3c044a7-bd68-11e9-912d-0050560103a9', 'client', NULL, 'africa', 'kzn', 'N/A', '9999999999999999', 'Male', 'South Africa', 'durban', '0000', 'new', '2019-08-13 03:21:13', 'SYSTEM_WEB', '2019-08-13 03:21:13', 'SYSTEM_WEB', 4),
('ad7f38ef-d572-11e9-b025-0050560103a9', 83, 'ad7ec99b-d572-11e9-b025-0050560103a9', 'Sqiniseko', NULL, 'Khanyile', 'KwaZulu Natal', 'N/A', '9811185340081', 'Male', 'South Africa', 'Newcastle', '0000', 'da1e961a-9c88-11e9-9298-0050560103a9', '2019-09-12 17:33:32', 'SYSTEM_WEB', '2019-09-12 17:33:32', 'SYSTEM_WEB', 4),
('af4cfa2f-b217-11e9-b7ed-0050560103a9', 49, 'af4cb6af-b217-11e9-b7ed-0050560103a9', 'KHulekani', NULL, 'Mbatha', 'KWAZULU-NATAL ', 'N/A', '8701276007080', 'Male', 'South Africa', 'Pongola ', '0000', 'new', '2019-07-29 17:44:00', 'SYSTEM_WEB', '2019-07-29 17:44:00', 'SYSTEM_WEB', 4),
('bac0a614-c0e7-11e9-912d-0050560103a9', 64, 'bac04d4e-c0e7-11e9-912d-0050560103a9', 'Zamani', NULL, 'Msibi', 'KZN', 'N/A', '8209270842080', 'Female', 'South Africa', 'Paulpietersburg', '0000', 'new', '2019-08-17 14:08:31', 'SYSTEM_WEB', '2019-08-17 14:08:31', 'SYSTEM_WEB', 4),
('bee1d476-9fbb-11e9-9298-0050560103a9', 13, 'bee142af-9fbb-11e9-9298-0050560103a9', 'benzile', NULL, 'kubheka', 'kwazulu natal', 'N/A', '8510080492085', 'Female', 'South Africa', 'Newcastle ', '0000', 'da1e961a-9c88-11e9-9298-0050560103a9', '2019-07-06 09:00:32', 'SYSTEM_WEB', '2019-07-06 09:00:32', 'SYSTEM_WEB', 4),
('c1481d9f-beaf-11e9-912d-0050560103a9', 60, 'c1479c8a-beaf-11e9-912d-0050560103a9', 'Nokuthula', NULL, 'Mtambo', 'KwaZuluNatal ', 'N/A', '6506110493087', 'Female', 'South Africa', 'eNquthu ', '0000', 'da1e961a-9c88-11e9-9298-0050560103a9', '2019-08-14 18:22:48', 'SYSTEM_WEB', '2019-08-14 18:22:48', 'SYSTEM_WEB', 4),
('c27eb948-9e6e-11e9-9298-0050560103a9', 10, 'c27e56a3-9e6e-11e9-9298-0050560103a9', 'citgo', NULL, 'test', 'GAUTENG', 'N/A', '9104895680097', 'Female', 'South Africa', 'JOHANNESBURG', '0000', 'new', '2019-07-04 17:16:55', 'SYSTEM_WEB', '2019-07-04 17:22:00', 'c27e56a3-9e6e-11e9-9298-0050560103a9', 3),
('c328224b-c28d-11e9-912d-0050560103a9', 65, 'c327aadd-c28d-11e9-912d-0050560103a9', 'Khali', NULL, 'Nhlapo', 'KwaZulu Natal', 'N/A', '7505090842080', 'Female', 'South Africa', 'Newcastle', '0000', 'new', '2019-08-19 16:29:33', 'SYSTEM_WEB', '2019-08-19 16:29:33', 'SYSTEM_WEB', 4),
('c3f99654-ac41-11e9-adc5-0050560103a9', 46, 'c3f92e43-ac41-11e9-adc5-0050560103a9', 'Thembinkosi', NULL, 'khoza', 'kwazulu natal', 'N/A', '8707305438089', 'Male', 'South Africa', 'durban', '0000', 'new', '2019-07-22 07:30:07', 'SYSTEM_WEB', '2019-07-22 07:30:07', 'SYSTEM_WEB', 4),
('c46552f5-a84e-11e9-adc5-0050560103a9', 30, 'c464f834-a84e-11e9-adc5-0050560103a9', 'Minenhle', NULL, 'Sabatha', 'Kwazulu natal', 'N/A', '9703225620087', 'Male', 'South Africa', 'Ulundi', '0000', 'f00a2e2e-9d01-11e9-9298-0050560103a9', '2019-07-17 06:53:06', 'SYSTEM_WEB', '2019-07-17 06:53:06', 'SYSTEM_WEB', 4),
('c5038f43-c03f-11e9-912d-0050560103a9', 61, 'c5029264-c03f-11e9-912d-0050560103a9', 'Letlhogonolo Danny ', NULL, 'Dituku', 'Northern Cape ', 'N/A', '8904215275087', 'Male', 'South Africa', 'Kuruman ', '0000', 'new', '2019-08-16 18:06:13', 'SYSTEM_WEB', '2019-08-16 18:06:13', 'SYSTEM_WEB', 4),
('cc4ec376-a8c5-11e9-adc5-0050560103a9', 34, 'cc4e7fb1-a8c5-11e9-adc5-0050560103a9', 'Lebohang', NULL, 'Khuzwayo', 'Eastern Cape', 'N/A', '0011135652086', 'Male', 'South Africa', 'Port Elizabeth', '0000', 'da1e961a-9c88-11e9-9298-0050560103a9', '2019-07-17 21:05:10', 'SYSTEM_WEB', '2019-07-17 21:05:10', 'SYSTEM_WEB', 4),
('ccf9af08-ce15-11e9-a014-0050560103a9', 76, 'ccf91a00-ce15-11e9-a014-0050560103a9', 'BHEKUYISE', NULL, 'MTHEMBU', 'KWAZULU NATAL', 'N/A', '8010055899083', 'Male', 'South Africa', 'Durban', '0000', 'f00a2e2e-9d01-11e9-9298-0050560103a9', '2019-09-03 08:41:04', 'SYSTEM_WEB', '2019-09-03 08:41:04', 'SYSTEM_WEB', 4),
('cda824d1-a13f-11e9-9298-0050560103a9', 16, 'cda7a12d-a13f-11e9-9298-0050560103a9', 'Andilr', NULL, 'Madlala', 'Free State', 'N/A', '9405065079081', 'Male', 'South Africa', 'Bloemfontein', '0000', 'new', '2019-07-08 07:18:21', 'SYSTEM_WEB', '2019-07-08 07:18:21', 'SYSTEM_WEB', 4),
('da1e961a-9c88-11e9-9298-0050560103a9', 3, 'da1e17f3-9c88-11e9-9298-0050560103a9', 'Wiseman ', NULL, 'Ncube', 'kzn', 'N/A', '7703015443080', 'Male', 'South Africa', 'Newcastle', '0000', '', '2019-07-02 07:18:40', 'SYSTEM_WEB', '2019-07-02 07:18:40', 'SYSTEM_WEB', 4),
('dc6e0f41-a8d1-11e9-adc5-0050560103a9', 36, 'dc6dced0-a8d1-11e9-adc5-0050560103a9', 'Sthandiwe ', NULL, 'Mpofana ', 'Eastern Cape ', 'N/A', '9202026658081', 'Male', 'South Africa', 'Bizana', '0000', 'da1e961a-9c88-11e9-9298-0050560103a9', '2019-07-17 22:31:31', 'SYSTEM_WEB', '2019-07-17 22:31:31', 'SYSTEM_WEB', 4),
('ddd17624-d2e3-11e9-b025-0050560103a9', 80, 'ddd0e598-d2e3-11e9-b025-0050560103a9', 'Lucky', NULL, 'Mvubu', 'KWAZULU NATAL', 'N/A', '7405156146080', 'Male', 'South Africa', 'Durban', '0000', 'new', '2019-09-09 11:26:13', 'SYSTEM_WEB', '2019-09-09 11:26:13', 'SYSTEM_WEB', 4),
('e306454e-a427-11e9-9298-0050560103a9', 21, 'e305cf82-a427-11e9-9298-0050560103a9', 'Bongani michael', NULL, 'Nzimande', 'Kwazulu natal', 'N/A', '7109305520084', 'Male', 'South Africa', 'Durban', '0000', 'new', '2019-07-12 00:04:43', 'SYSTEM_WEB', '2019-07-12 00:04:43', 'SYSTEM_WEB', 4),
('e5a332a4-a3e6-11e9-9298-0050560103a9', 20, 'e5a2d54f-a3e6-11e9-9298-0050560103a9', 'Xolani ', NULL, 'Mdlalose ', 'KwaZulu-Natal ', 'N/A', '8601055670084', 'Male', 'South Africa', 'Newcastle ', '0000', 'new', '2019-07-11 16:19:30', 'SYSTEM_WEB', '2019-07-11 16:19:30', 'SYSTEM_WEB', 4),
('e5ba0b7b-a911-11e9-adc5-0050560103a9', 37, 'e5b9bf70-a911-11e9-adc5-0050560103a9', 'Goodman Mthokozisi ', NULL, 'Dlamini ', 'Kwazulu natal', 'N/A', '8608245320082', 'Male', 'South Africa', 'Pietermaritzburg ', '0000', 'new', '2019-07-18 06:09:54', 'SYSTEM_WEB', '2019-07-18 06:09:54', 'SYSTEM_WEB', 4),
('e69ad3e1-d07f-11e9-b025-0050560103a9', 78, 'e69a6146-d07f-11e9-b025-0050560103a9', 'Sandile', NULL, 'Mthembu', 'KwaZulu-Natal', 'N/A', '8703295604087', 'Male', 'South Africa', 'Pietermaritzburg', '0000', 'new', '2019-09-06 10:25:35', 'SYSTEM_WEB', '2019-09-06 10:25:35', 'SYSTEM_WEB', 4),
('e7da1afd-be67-11e9-912d-0050560103a9', 59, 'e7d99c5b-be67-11e9-912d-0050560103a9', 'PhumlaniJohannes', NULL, 'Zwane', 'KwaZuluNatal', 'N/A', '7507205355081', 'Male', 'South Africa', 'Newcastle', '0000', 'new', '2019-08-14 09:48:29', 'SYSTEM_WEB', '2019-08-14 09:48:29', 'SYSTEM_WEB', 4),
('e8784dfc-af84-11e9-adc5-0050560103a9', 48, 'e877c81a-af84-11e9-adc5-0050560103a9', 'SikhunjuliweHalalisani ', NULL, 'Luvuno', 'Kwazulunatal ', 'N/A', '9503145722082', 'Male', 'South Africa', 'Newcastle ', '0000', 'new', '2019-07-26 11:08:18', 'SYSTEM_WEB', '2019-07-26 11:08:18', 'SYSTEM_WEB', 4),
('eb142865-cb3f-11e9-a014-0050560103a9', 72, 'eb1380a1-cb3f-11e9-a014-0050560103a9', 'Mavela', NULL, 'Mathebula', 'KwaZulu Natal', 'N/A', '9002096196081', 'Male', 'South Africa', 'Empangeni', '0000', 'af4cfa2f-b217-11e9-b7ed-0050560103a9', '2019-08-30 18:04:59', 'SYSTEM_WEB', '2019-08-30 18:04:59', 'SYSTEM_WEB', 4),
('edf9032b-b527-11e9-a8d5-0050560103a9', 54, 'edf89554-b527-11e9-a8d5-0050560103a9', 'NKOSINATHI', NULL, 'SHANGASE', 'KwaZulu Natal', 'N/A', '8710295769083', 'Male', 'South Africa', 'Durban', '0000', '84d2b372-b4fe-11e9-a8d5-0050560103a9', '2019-08-02 15:17:51', 'SYSTEM_WEB', '2019-08-02 15:17:51', 'SYSTEM_WEB', 4),
('f00a2e2e-9d01-11e9-9298-0050560103a9', 5, 'f009dacb-9d01-11e9-9298-0050560103a9', 'MELULEKI ', NULL, 'KHUMALO', 'KwaZulu Natal', 'N/A', '9005265831081', 'Male', 'South Africa', 'Ulundi', '0000', 'da1e961a-9c88-11e9-9298-0050560103a9', '2019-07-02 21:45:25', 'SYSTEM_WEB', '2019-07-02 21:45:25', 'SYSTEM_WEB', 4),
('f3cbe683-9d8a-11e9-9298-0050560103a9', 9, 'f3cb9107-9d8a-11e9-9298-0050560103a9', 'Innocentia ntombifuthi', NULL, 'Mpondombe', 'Kwazulu natal', 'N/A', '8112190503081', 'Female', 'South Africa', 'Newcastle', '0000', '8705eb63-9d87-11e9-9298-0050560103a9', '2019-07-03 14:06:13', 'SYSTEM_WEB', '2019-07-03 14:06:13', 'SYSTEM_WEB', 4),
('f40c1d42-aa4f-11e9-adc5-0050560103a9', 42, 'f40be177-aa4f-11e9-adc5-0050560103a9', 'Samukelisiwe', NULL, 'Mbatha', 'KwaZulu-Natal', 'N/A', '9509280973083', 'Female', 'South Africa', 'Ladysmith', '0000', '184e393f-a89f-11e9-adc5-0050560103a9', '2019-07-19 20:06:38', 'SYSTEM_WEB', '2019-07-19 20:06:38', 'SYSTEM_WEB', 4),
('f75b7a63-cbfc-11e9-a014-0050560103a9', 73, 'f75b2b28-cbfc-11e9-a014-0050560103a9', 'Sifiso ', NULL, 'Sithole ', 'KwaZulu/Natal', 'N/A', '8110245536080', 'Male', 'South Africa', 'Durban ', '0000', 'new', '2019-08-31 16:38:15', 'SYSTEM_WEB', '2019-08-31 16:38:15', 'SYSTEM_WEB', 4),
('fba5699a-aa34-11e9-adc5-0050560103a9', 41, 'fba4f1a1-aa34-11e9-adc5-0050560103a9', 'Thandanani Sibanisezwe', NULL, 'Shabangu', 'Mpumalanga', 'N/A', '8710045924087', 'Male', 'South Africa', 'Ermelo', '0000', 'f00a2e2e-9d01-11e9-9298-0050560103a9', '2019-07-19 16:53:34', 'SYSTEM_WEB', '2019-07-19 16:53:34', 'SYSTEM_WEB', 4),
('fd5d9632-c801-11e9-a014-0050560103a9', 70, 'fd5d2e75-c801-11e9-a014-0050560103a9', 'Nancybusi', NULL, 'Kunene', 'Kwazulunatal', 'N/A', '7102030457086', 'Female', 'South Africa', 'Newcastle', '0000', 'new', '2019-08-26 15:04:08', 'SYSTEM_WEB', '2019-08-26 15:04:08', 'SYSTEM_WEB', 4),
('ff80a613-aacd-11e9-adc5-0050560103a9', 44, 'ff7f67ea-aacd-11e9-adc5-0050560103a9', 'SIFISO', NULL, 'MHLONGO', 'KZN', 'N/A', '9504285684082', 'Male', 'South Africa', 'DURBAN', '0000', '184e393f-a89f-11e9-adc5-0050560103a9', '2019-07-20 11:08:54', 'SYSTEM_WEB', '2019-07-20 11:08:54', 'SYSTEM_WEB', 4);

-- --------------------------------------------------------

--
-- Table structure for table `documents`
--

CREATE TABLE `documents` (
  `DocumentId` varchar(225) NOT NULL,
  `DocumentCode` varchar(10) DEFAULT NULL,
  `ClientId` varchar(225) NOT NULL,
  `InvestmentId` varchar(255) DEFAULT NULL,
  `DocumentName` varchar(225) NOT NULL,
  `DocumentUrl` varchar(225) NOT NULL,
  `CreateDate` datetime NOT NULL DEFAULT CURRENT_TIMESTAMP,
  `CreateUserId` varchar(225) NOT NULL,
  `ModifyDate` datetime NOT NULL DEFAULT CURRENT_TIMESTAMP,
  `ModifyUserId` varchar(225) NOT NULL,
  `StatusId` int(11) NOT NULL
) ENGINE=InnoDB DEFAULT CHARSET=latin1;

--
-- Dumping data for table `documents`
--

INSERT INTO `documents` (`DocumentId`, `DocumentCode`, `ClientId`, `InvestmentId`, `DocumentName`, `DocumentUrl`, `CreateDate`, `CreateUserId`, `ModifyDate`, `ModifyUserId`, `StatusId`) VALUES
('00597e95-a63e-11e9-9298-0050560103a9', 'POP', '03fbda75-a59d-11e9-9298-0050560103a9', 'f0621714-a5a4-11e9-9298-0050560103a9', 'Proof of payment', 'https://citgoafrica.com/api/api/upload/uploads/1563112083IMG-20190714-WA0003.jpg', '2019-07-14 15:48:03', '03fb7022-a59d-11e9-9298-0050560103a9', '2019-07-14 15:48:03', '03fb7022-a59d-11e9-9298-0050560103a9', 1),
('0c423b36-ce76-11e9-a014-0050560103a9', 'POP', 'f3cbe683-9d8a-11e9-9298-0050560103a9', 'c0bd2657-ce30-11e9-a014-0050560103a9', 'Proof of payment', 'https://citgoafrica.com/api/api/upload/uploads/156753420120190903_200629.jpg', '2019-09-03 20:10:01', 'f3cb9107-9d8a-11e9-9298-0050560103a9', '2019-09-03 20:10:01', 'f3cb9107-9d8a-11e9-9298-0050560103a9', 1),
('0e3a011f-d576-11e9-b025-0050560103a9', 'POP', 'ad7f38ef-d572-11e9-b025-0050560103a9', '940e3426-d574-11e9-b025-0050560103a9', 'Proof of payment', 'https://citgoafrica.com/api/api/upload/uploads/156830386320190912_175405.jpg', '2019-09-12 17:57:43', 'ad7ec99b-d572-11e9-b025-0050560103a9', '2019-09-12 17:57:43', 'ad7ec99b-d572-11e9-b025-0050560103a9', 1),
('161a1313-d16d-11e9-b025-0050560103a9', 'POP', '5187f946-a89d-11e9-adc5-0050560103a9', '035f80f0-d16d-11e9-b025-0050560103a9', 'Proof of payment', 'https://citgoafrica.com/api/api/upload/uploads/15678602061567860186846230748775976141766.jpg', '2019-09-07 14:43:26', '51878f09-a89d-11e9-adc5-0050560103a9', '2019-09-07 14:43:26', '51878f09-a89d-11e9-adc5-0050560103a9', 1),
('1799d733-b5b5-11e9-a8d5-0050560103a9', 'POP', '84d2b372-b4fe-11e9-a8d5-0050560103a9', '9e045339-b500-11e9-a8d5-0050560103a9', 'Proof of payment', 'https://citgoafrica.com/api/api/upload/uploads/1564812499payment_notification.pdf', '2019-08-03 08:08:20', '84d239ac-b4fe-11e9-a8d5-0050560103a9', '2019-08-03 08:08:20', '84d239ac-b4fe-11e9-a8d5-0050560103a9', 1),
('183c3ee0-9c8a-11e9-9298-0050560103a9', 'POP', 'da1e961a-9c88-11e9-9298-0050560103a9', 'da0bb1af-9c89-11e9-9298-0050560103a9', 'Proof of payment', 'https://citgoafrica.com/api/api/upload/uploads/1562045253156204519237943160057.jpg', '2019-07-02 07:27:33', 'da1e17f3-9c88-11e9-9298-0050560103a9', '2019-07-02 07:27:33', 'da1e17f3-9c88-11e9-9298-0050560103a9', 1),
('1c45d5ba-9c8a-11e9-9298-0050560103a9', 'POP', 'da1e961a-9c88-11e9-9298-0050560103a9', 'da0bb1af-9c89-11e9-9298-0050560103a9', 'Proof of payment', 'https://citgoafrica.com/api/api/upload/uploads/1562045260156204519237943160057.jpg', '2019-07-02 07:27:40', 'da1e17f3-9c88-11e9-9298-0050560103a9', '2019-07-02 07:27:40', 'da1e17f3-9c88-11e9-9298-0050560103a9', 1),
('1c775124-abf0-11e9-adc5-0050560103a9', 'POP', 'f00a2e2e-9d01-11e9-9298-0050560103a9', '9f48b847-abeb-11e9-adc5-0050560103a9', 'Proof of payment', 'https://citgoafrica.com/api/api/upload/uploads/1563738336IMG-20190721-WA0027.jpg', '2019-07-21 21:45:36', 'f009dacb-9d01-11e9-9298-0050560103a9', '2019-07-21 21:45:36', 'f009dacb-9d01-11e9-9298-0050560103a9', 1),
('1e0693a9-a8d5-11e9-adc5-0050560103a9', 'POP', 'cc4ec376-a8c5-11e9-adc5-0050560103a9', 'e4728163-a8c6-11e9-adc5-0050560103a9', 'Proof of payment', 'https://citgoafrica.com/api/api/upload/uploads/15633968891563396856511-1513578342.jpg', '2019-07-17 22:54:49', 'cc4e7fb1-a8c5-11e9-adc5-0050560103a9', '2019-07-17 22:54:49', 'cc4e7fb1-a8c5-11e9-adc5-0050560103a9', 1),
('2d02bdd0-bf5e-11e9-912d-0050560103a9', 'POP', 'e8784dfc-af84-11e9-adc5-0050560103a9', '9d8196c5-bf46-11e9-912d-0050560103a9', 'Proof of payment', 'https://citgoafrica.com/api/api/upload/uploads/156587468120190815_150823.jpg', '2019-08-15 15:11:21', 'e877c81a-af84-11e9-adc5-0050560103a9', '2019-08-15 15:11:21', 'e877c81a-af84-11e9-adc5-0050560103a9', 1),
('2f38285e-a252-11e9-9298-0050560103a9', 'POP', '65a7b96b-a24b-11e9-9298-0050560103a9', 'be11f6cd-a24f-11e9-9298-0050560103a9', 'Proof of payment', 'https://citgoafrica.com/api/api/upload/uploads/15626809471562680928233-169953908.jpg', '2019-07-09 16:02:27', '65a72d5e-a24b-11e9-9298-0050560103a9', '2019-07-09 16:02:27', '65a72d5e-a24b-11e9-9298-0050560103a9', 1),
('3fb014e7-d154-11e9-b025-0050560103a9', 'POP', '3d15d96a-c98b-11e9-a014-0050560103a9', 'e9db6be0-cf0f-11e9-b025-0050560103a9', 'Proof of payment', 'https://citgoafrica.com/api/api/upload/uploads/15678495381567849506393766992809847575931.jpg', '2019-09-07 11:45:38', '3d156962-c98b-11e9-a014-0050560103a9', '2019-09-07 11:45:38', '3d156962-c98b-11e9-a014-0050560103a9', 1),
('413126d2-b85f-11e9-9595-0050560103a9', 'POP', 'a332bc2e-b6c6-11e9-a8d5-0050560103a9', 'ef237c44-b84f-11e9-9595-0050560103a9', 'Proof of payment', 'https://citgoafrica.com/api/api/upload/uploads/156510548620190806_153826.jpg', '2019-08-06 17:31:26', 'a3310f0f-b6c6-11e9-a8d5-0050560103a9', '2019-08-06 17:31:26', 'a3310f0f-b6c6-11e9-a8d5-0050560103a9', 1),
('423c8b54-c8d2-11e9-a014-0050560103a9', 'POP', 'fd5d9632-c801-11e9-a014-0050560103a9', 'f55c858e-c8d1-11e9-a014-0050560103a9', 'Proof of payment', 'https://citgoafrica.com/api/api/upload/uploads/1566914098IMG_20190827_155053.png', '2019-08-27 15:54:59', 'fd5d2e75-c801-11e9-a014-0050560103a9', '2019-08-27 15:54:59', 'fd5d2e75-c801-11e9-a014-0050560103a9', 1),
('435911aa-c8d2-11e9-a014-0050560103a9', 'POP', 'fd5d9632-c801-11e9-a014-0050560103a9', 'f55c858e-c8d1-11e9-a014-0050560103a9', 'Proof of payment', 'https://citgoafrica.com/api/api/upload/uploads/1566914100IMG_20190827_155053.png', '2019-08-27 15:55:01', 'fd5d2e75-c801-11e9-a014-0050560103a9', '2019-08-27 15:55:01', 'fd5d2e75-c801-11e9-a014-0050560103a9', 1),
('4a3ed0f4-b21e-11e9-b7ed-0050560103a9', 'POP', 'af4cfa2f-b217-11e9-b7ed-0050560103a9', '58502759-b21b-11e9-b7ed-0050560103a9', 'Proof of payment', 'https://citgoafrica.com/api/api/upload/uploads/1564417877image.jpg', '2019-07-29 18:31:17', 'af4cb6af-b217-11e9-b7ed-0050560103a9', '2019-07-29 18:31:17', 'af4cb6af-b217-11e9-b7ed-0050560103a9', 1),
('4b90b78b-b21e-11e9-b7ed-0050560103a9', 'POP', 'af4cfa2f-b217-11e9-b7ed-0050560103a9', '58502759-b21b-11e9-b7ed-0050560103a9', 'Proof of payment', 'https://citgoafrica.com/api/api/upload/uploads/1564417879image.jpg', '2019-07-29 18:31:19', 'af4cb6af-b217-11e9-b7ed-0050560103a9', '2019-07-29 18:31:19', 'af4cb6af-b217-11e9-b7ed-0050560103a9', 1),
('4cd11a4d-b21e-11e9-b7ed-0050560103a9', 'POP', 'af4cfa2f-b217-11e9-b7ed-0050560103a9', '58502759-b21b-11e9-b7ed-0050560103a9', 'Proof of payment', 'https://citgoafrica.com/api/api/upload/uploads/1564417881image.jpg', '2019-07-29 18:31:21', 'af4cb6af-b217-11e9-b7ed-0050560103a9', '2019-07-29 18:31:21', 'af4cb6af-b217-11e9-b7ed-0050560103a9', 1),
('617fc39d-ce21-11e9-a014-0050560103a9', 'POP', 'ccf9af08-ce15-11e9-a014-0050560103a9', '819f7d21-ce17-11e9-a014-0050560103a9', 'Proof of payment', 'https://citgoafrica.com/api/api/upload/uploads/1567497837IMG-20190903-WA0012.jpg', '2019-09-03 10:03:57', 'ccf91a00-ce15-11e9-a014-0050560103a9', '2019-09-03 10:03:57', 'ccf91a00-ce15-11e9-a014-0050560103a9', 1),
('61bc99aa-ce21-11e9-a014-0050560103a9', 'POP', 'ccf9af08-ce15-11e9-a014-0050560103a9', '819f7d21-ce17-11e9-a014-0050560103a9', 'Proof of payment', 'https://citgoafrica.com/api/api/upload/uploads/1567497837IMG-20190903-WA0012.jpg', '2019-09-03 10:03:58', 'ccf91a00-ce15-11e9-a014-0050560103a9', '2019-09-03 10:03:58', 'ccf91a00-ce15-11e9-a014-0050560103a9', 1),
('788e1324-aadb-11e9-adc5-0050560103a9', 'POP', 'fba5699a-aa34-11e9-adc5-0050560103a9', '22f6a6af-aa53-11e9-adc5-0050560103a9', 'Proof of payment', 'https://citgoafrica.com/api/api/upload/uploads/15636194911563619388145798594174.jpg', '2019-07-20 12:45:20', 'fba4f1a1-aa34-11e9-adc5-0050560103a9', '2019-07-20 12:45:20', 'fba4f1a1-aa34-11e9-adc5-0050560103a9', 1),
('7b22ba01-a8cd-11e9-adc5-0050560103a9', 'POP', '184e393f-a89f-11e9-adc5-0050560103a9', 'cf6c42f0-a8a9-11e9-adc5-0050560103a9', 'Proof of payment', 'https://citgoafrica.com/api/api/upload/uploads/1563393609IMG_20190717_181335.jpg', '2019-07-17 22:00:09', '184d88f4-a89f-11e9-adc5-0050560103a9', '2019-07-17 22:00:09', '184d88f4-a89f-11e9-adc5-0050560103a9', 1),
('7c15c6ca-c818-11e9-a014-0050560103a9', 'POP', 'e306454e-a427-11e9-9298-0050560103a9', '0a25cb85-c4d4-11e9-a014-0050560103a9', 'Proof of payment', 'https://citgoafrica.com/api/api/upload/uploads/1566834308Screenshot_20190826-172842.png', '2019-08-26 17:45:09', 'e305cf82-a427-11e9-9298-0050560103a9', '2019-08-26 17:45:09', 'e305cf82-a427-11e9-9298-0050560103a9', 1),
('7ccec988-ce50-11e9-a014-0050560103a9', 'POP', 'fd5d9632-c801-11e9-a014-0050560103a9', '8338a0a6-ce4f-11e9-a014-0050560103a9', 'Proof of payment', 'https://citgoafrica.com/api/api/upload/uploads/1567518069Screenshot_20190903-153925.png', '2019-09-03 15:41:09', 'fd5d2e75-c801-11e9-a014-0050560103a9', '2019-09-03 15:41:09', 'fd5d2e75-c801-11e9-a014-0050560103a9', 1),
('7d5095ec-9e73-11e9-9298-0050560103a9', 'POP', '8705eb63-9d87-11e9-9298-0050560103a9', '19ce0174-9d89-11e9-9298-0050560103a9', 'Proof of payment', 'https://citgoafrica.com/api/api/upload/uploads/15622554471562255419666535852033.jpg', '2019-07-04 17:50:47', '87057b6f-9d87-11e9-9298-0050560103a9', '2019-07-04 17:50:47', '87057b6f-9d87-11e9-9298-0050560103a9', 1),
('7f4050a1-a167-11e9-9298-0050560103a9', 'POP', '69577f94-9d03-11e9-9298-0050560103a9', '6c7e5307-a167-11e9-9298-0050560103a9', 'Proof of payment', 'https://citgoafrica.com/api/api/upload/uploads/156258014915625801394708007223047582972747.jpg', '2019-07-08 12:02:30', '69573a39-9d03-11e9-9298-0050560103a9', '2019-07-08 12:02:30', '69573a39-9d03-11e9-9298-0050560103a9', 1),
('80929a76-a886-11e9-adc5-0050560103a9', 'POP', '0e1ccd78-9c8b-11e9-9298-0050560103a9', '4a7d507b-a886-11e9-adc5-0050560103a9', 'Proof of payment', 'https://citgoafrica.com/api/api/upload/uploads/156336312434da0c640112447e9ca590e9017c2d3e.jpg', '2019-07-17 13:32:04', '0e1c909d-9c8b-11e9-9298-0050560103a9', '2019-07-17 13:32:04', '0e1c909d-9c8b-11e9-9298-0050560103a9', 1),
('84729ae0-aadb-11e9-adc5-0050560103a9', 'POP', 'fba5699a-aa34-11e9-adc5-0050560103a9', '22f6a6af-aa53-11e9-adc5-0050560103a9', 'Proof of payment', 'https://citgoafrica.com/api/api/upload/uploads/15636195121563619388145798594174.jpg', '2019-07-20 12:45:40', 'fba4f1a1-aa34-11e9-adc5-0050560103a9', '2019-07-20 12:45:40', 'fba4f1a1-aa34-11e9-adc5-0050560103a9', 1),
('85aaf340-9e75-11e9-9298-0050560103a9', 'POP', '76aaac5d-9d84-11e9-9298-0050560103a9', 'a8ded624-9d88-11e9-9298-0050560103a9', 'Proof of payment', 'https://citgoafrica.com/api/api/upload/uploads/15622563201562256288148-707720858.jpg', '2019-07-04 18:05:20', '76aa3741-9d84-11e9-9298-0050560103a9', '2019-07-04 18:05:20', '76aa3741-9d84-11e9-9298-0050560103a9', 1),
('8692e660-b49b-11e9-a8d5-0050560103a9', 'POP', '4d8d69b1-b47f-11e9-a8d5-0050560103a9', 'da0c36b9-b484-11e9-a8d5-0050560103a9', 'Proof of payment', 'https://citgoafrica.com/api/api/upload/uploads/1564691567IMG-20190801-WA0022.jpg', '2019-08-01 22:32:48', '4d8cf9d7-b47f-11e9-a8d5-0050560103a9', '2019-08-01 22:32:48', '4d8cf9d7-b47f-11e9-a8d5-0050560103a9', 1),
('86a234c1-b49b-11e9-a8d5-0050560103a9', 'POP', '4d8d69b1-b47f-11e9-a8d5-0050560103a9', 'da0c36b9-b484-11e9-a8d5-0050560103a9', 'Proof of payment', 'https://citgoafrica.com/api/api/upload/uploads/1564691568IMG-20190801-WA0022.jpg', '2019-08-01 22:32:48', '4d8cf9d7-b47f-11e9-a8d5-0050560103a9', '2019-08-01 22:32:48', '4d8cf9d7-b47f-11e9-a8d5-0050560103a9', 1),
('86e64557-c818-11e9-a014-0050560103a9', 'POP', 'e306454e-a427-11e9-9298-0050560103a9', '0a25cb85-c4d4-11e9-a014-0050560103a9', 'Proof of payment', 'https://citgoafrica.com/api/api/upload/uploads/1566834325Screenshot_20190826-172842.png', '2019-08-26 17:45:27', 'e305cf82-a427-11e9-9298-0050560103a9', '2019-08-26 17:45:27', 'e305cf82-a427-11e9-9298-0050560103a9', 1),
('876724aa-c818-11e9-a014-0050560103a9', 'POP', 'e306454e-a427-11e9-9298-0050560103a9', '0a25cb85-c4d4-11e9-a014-0050560103a9', 'Proof of payment', 'https://citgoafrica.com/api/api/upload/uploads/1566834320Screenshot_20190826-172842.png', '2019-08-26 17:45:28', 'e305cf82-a427-11e9-9298-0050560103a9', '2019-08-26 17:45:28', 'e305cf82-a427-11e9-9298-0050560103a9', 1),
('89a661e2-9e75-11e9-9298-0050560103a9', 'POP', '76aaac5d-9d84-11e9-9298-0050560103a9', 'a8ded624-9d88-11e9-9298-0050560103a9', 'Proof of payment', 'https://citgoafrica.com/api/api/upload/uploads/15622563261562256288148-707720858.jpg', '2019-07-04 18:05:26', '76aa3741-9d84-11e9-9298-0050560103a9', '2019-07-04 18:05:26', '76aa3741-9d84-11e9-9298-0050560103a9', 1),
('8c0e8dc9-c818-11e9-a014-0050560103a9', 'POP', 'e306454e-a427-11e9-9298-0050560103a9', '0a25cb85-c4d4-11e9-a014-0050560103a9', 'Proof of payment', 'https://citgoafrica.com/api/api/upload/uploads/1566834333Screenshot_20190826-172842.png', '2019-08-26 17:45:36', 'e305cf82-a427-11e9-9298-0050560103a9', '2019-08-26 17:45:36', 'e305cf82-a427-11e9-9298-0050560103a9', 1),
('91fa084f-abdf-11e9-adc5-0050560103a9', 'POP', '38455b50-a5b6-11e9-9298-0050560103a9', 'd5f6b074-ab30-11e9-adc5-0050560103a9', 'Proof of payment', 'https://citgoafrica.com/api/api/upload/uploads/156373121020190721_190011.jpg', '2019-07-21 19:47:12', '3844e083-a5b6-11e9-9298-0050560103a9', '2019-07-21 19:47:12', '3844e083-a5b6-11e9-9298-0050560103a9', 1),
('964a5a37-af9e-11e9-adc5-0050560103a9', 'POP', 'e8784dfc-af84-11e9-adc5-0050560103a9', 'ecb75062-af89-11e9-adc5-0050560103a9', 'Proof of payment', 'https://citgoafrica.com/api/api/upload/uploads/156414312720190726_140646.jpg', '2019-07-26 14:12:07', 'e877c81a-af84-11e9-adc5-0050560103a9', '2019-07-26 14:12:07', 'e877c81a-af84-11e9-adc5-0050560103a9', 1),
('9b486302-cb43-11e9-a014-0050560103a9', 'POP', 'eb142865-cb3f-11e9-a014-0050560103a9', '7ace92bd-cb41-11e9-a014-0050560103a9', 'Proof of payment', 'https://citgoafrica.com/api/api/upload/uploads/1567182683IMG-20190830-WA0001.jpg', '2019-08-30 18:31:23', 'eb1380a1-cb3f-11e9-a014-0050560103a9', '2019-08-30 18:31:23', 'eb1380a1-cb3f-11e9-a014-0050560103a9', 1),
('a2d0b2dd-c8cc-11e9-a014-0050560103a9', 'POP', 'fd5d9632-c801-11e9-a014-0050560103a9', '492e1773-c809-11e9-a014-0050560103a9', 'Proof of payment', 'https://citgoafrica.com/api/api/upload/uploads/156691168115669116201516356353799299841262.jpg', '2019-08-27 15:14:44', 'fd5d2e75-c801-11e9-a014-0050560103a9', '2019-08-27 15:14:44', 'fd5d2e75-c801-11e9-a014-0050560103a9', 1),
('a4c9299e-c8cc-11e9-a014-0050560103a9', 'POP', 'fd5d9632-c801-11e9-a014-0050560103a9', '492e1773-c809-11e9-a014-0050560103a9', 'Proof of payment', 'https://citgoafrica.com/api/api/upload/uploads/156691168715669116201516356353799299841262.jpg', '2019-08-27 15:14:47', 'fd5d2e75-c801-11e9-a014-0050560103a9', '2019-08-27 15:14:47', 'fd5d2e75-c801-11e9-a014-0050560103a9', 1),
('a69bb90c-d613-11e9-b025-0050560103a9', 'POP', '0671dabb-b4e5-11e9-a8d5-0050560103a9', '7d247ec1-d584-11e9-b025-0050560103a9', 'Proof of payment', 'https://citgoafrica.com/api/api/upload/uploads/156837154915683714895087303859859210234109.jpg', '2019-09-13 12:45:49', '06717999-b4e5-11e9-a8d5-0050560103a9', '2019-09-13 12:45:49', '06717999-b4e5-11e9-a8d5-0050560103a9', 1),
('a6b65c8f-9d09-11e9-9298-0050560103a9', 'POP', 'f00a2e2e-9d01-11e9-9298-0050560103a9', '88bb75f2-9d05-11e9-9298-0050560103a9', 'Proof of payment', 'https://citgoafrica.com/api/api/upload/uploads/15621000381562099912040696808984.jpg', '2019-07-02 22:40:38', 'f009dacb-9d01-11e9-9298-0050560103a9', '2019-07-02 22:40:38', 'f009dacb-9d01-11e9-9298-0050560103a9', 1),
('a871e63b-aadb-11e9-adc5-0050560103a9', 'POP', 'fba5699a-aa34-11e9-adc5-0050560103a9', '22f6a6af-aa53-11e9-adc5-0050560103a9', 'Proof of payment', 'https://citgoafrica.com/api/api/upload/uploads/15636195671563619388145798594174.jpg', '2019-07-20 12:46:41', 'fba4f1a1-aa34-11e9-adc5-0050560103a9', '2019-07-20 12:46:41', 'fba4f1a1-aa34-11e9-adc5-0050560103a9', 1),
('ba8e5165-c028-11e9-912d-0050560103a9', 'POP', 'af4cfa2f-b217-11e9-b7ed-0050560103a9', 'd5faad56-c027-11e9-912d-0050560103a9', 'Proof of payment', 'https://citgoafrica.com/api/api/upload/uploads/1565961677image.jpg', '2019-08-16 15:21:17', 'af4cb6af-b217-11e9-b7ed-0050560103a9', '2019-08-16 15:21:17', 'af4cb6af-b217-11e9-b7ed-0050560103a9', 1),
('bc4029bc-c028-11e9-912d-0050560103a9', 'POP', 'af4cfa2f-b217-11e9-b7ed-0050560103a9', 'd5faad56-c027-11e9-912d-0050560103a9', 'Proof of payment', 'https://citgoafrica.com/api/api/upload/uploads/1565961679image.jpg', '2019-08-16 15:21:20', 'af4cb6af-b217-11e9-b7ed-0050560103a9', '2019-08-16 15:21:20', 'af4cb6af-b217-11e9-b7ed-0050560103a9', 1),
('bce89422-c028-11e9-912d-0050560103a9', 'POP', 'af4cfa2f-b217-11e9-b7ed-0050560103a9', 'd5faad56-c027-11e9-912d-0050560103a9', 'Proof of payment', 'https://citgoafrica.com/api/api/upload/uploads/1565961681image.jpg', '2019-08-16 15:21:21', 'af4cb6af-b217-11e9-b7ed-0050560103a9', '2019-08-16 15:21:21', 'af4cb6af-b217-11e9-b7ed-0050560103a9', 1),
('bfe34d27-be8a-11e9-912d-0050560103a9', 'POP', 'e7da1afd-be67-11e9-912d-0050560103a9', '391f2c7b-be6a-11e9-912d-0050560103a9', 'Proof of payment', 'https://citgoafrica.com/api/api/upload/uploads/156578386920190814_135454.jpg', '2019-08-14 13:57:54', 'e7d99c5b-be67-11e9-912d-0050560103a9', '2019-08-14 13:57:54', 'e7d99c5b-be67-11e9-912d-0050560103a9', 1),
('bfe873ad-be8a-11e9-912d-0050560103a9', 'POP', 'e7da1afd-be67-11e9-912d-0050560103a9', '391f2c7b-be6a-11e9-912d-0050560103a9', 'Proof of payment', 'https://citgoafrica.com/api/api/upload/uploads/156578387420190814_135454.jpg', '2019-08-14 13:57:54', 'e7d99c5b-be67-11e9-912d-0050560103a9', '2019-08-14 13:57:54', 'e7d99c5b-be67-11e9-912d-0050560103a9', 1),
('c2831a33-c969-11e9-a014-0050560103a9', 'POP', 'e7da1afd-be67-11e9-912d-0050560103a9', '48775ccc-c8e9-11e9-a014-0050560103a9', 'Proof of payment', 'https://citgoafrica.com/api/api/upload/uploads/156697916620190828_095325.jpg', '2019-08-28 09:59:28', 'e7d99c5b-be67-11e9-912d-0050560103a9', '2019-08-28 09:59:28', 'e7d99c5b-be67-11e9-912d-0050560103a9', 1),
('c299c64a-c969-11e9-a014-0050560103a9', 'POP', 'e7da1afd-be67-11e9-912d-0050560103a9', '48775ccc-c8e9-11e9-a014-0050560103a9', 'Proof of payment', 'https://citgoafrica.com/api/api/upload/uploads/156697916820190828_095325.jpg', '2019-08-28 09:59:28', 'e7d99c5b-be67-11e9-912d-0050560103a9', '2019-08-28 09:59:28', 'e7d99c5b-be67-11e9-912d-0050560103a9', 1),
('c3e3c1aa-be8a-11e9-912d-0050560103a9', 'POP', 'e7da1afd-be67-11e9-912d-0050560103a9', '391f2c7b-be6a-11e9-912d-0050560103a9', 'Proof of payment', 'https://citgoafrica.com/api/api/upload/uploads/156578388120190814_135454.jpg', '2019-08-14 13:58:01', 'e7d99c5b-be67-11e9-912d-0050560103a9', '2019-08-14 13:58:01', 'e7d99c5b-be67-11e9-912d-0050560103a9', 1),
('db3e3173-a6c5-11e9-9298-0050560103a9', 'POP', '0935bdf1-a557-11e9-9298-0050560103a9', '2b708689-a55c-11e9-9298-0050560103a9', 'Proof of payment', 'https://citgoafrica.com/api/api/upload/uploads/1563170432Screenshot_20190715-073938.jpg', '2019-07-15 08:00:32', '092cf8e7-a557-11e9-9298-0050560103a9', '2019-07-15 08:00:32', '092cf8e7-a557-11e9-9298-0050560103a9', 1),
('e01535c3-9e73-11e9-9298-0050560103a9', 'POP', 'f3cbe683-9d8a-11e9-9298-0050560103a9', 'fdb40c8e-9d99-11e9-9298-0050560103a9', 'Proof of payment', 'https://citgoafrica.com/api/api/upload/uploads/156225561215622555665751989361481.jpg', '2019-07-04 17:53:32', 'f3cb9107-9d8a-11e9-9298-0050560103a9', '2019-07-04 17:53:32', 'f3cb9107-9d8a-11e9-9298-0050560103a9', 1),
('e41c358a-b694-11e9-a8d5-0050560103a9', 'POP', 'af4cfa2f-b217-11e9-b7ed-0050560103a9', '2eae6b38-b692-11e9-a8d5-0050560103a9', 'Proof of payment', 'https://citgoafrica.com/api/api/upload/uploads/1564908620image.jpg', '2019-08-04 10:50:20', 'af4cb6af-b217-11e9-b7ed-0050560103a9', '2019-08-04 10:50:20', 'af4cb6af-b217-11e9-b7ed-0050560103a9', 1),
('e4629d76-b694-11e9-a8d5-0050560103a9', 'POP', 'af4cfa2f-b217-11e9-b7ed-0050560103a9', '2eae6b38-b692-11e9-a8d5-0050560103a9', 'Proof of payment', 'https://citgoafrica.com/api/api/upload/uploads/1564908621image.jpg', '2019-08-04 10:50:21', 'af4cb6af-b217-11e9-b7ed-0050560103a9', '2019-08-04 10:50:21', 'af4cb6af-b217-11e9-b7ed-0050560103a9', 1),
('e49558e4-b694-11e9-a8d5-0050560103a9', 'POP', 'af4cfa2f-b217-11e9-b7ed-0050560103a9', '2eae6b38-b692-11e9-a8d5-0050560103a9', 'Proof of payment', 'https://citgoafrica.com/api/api/upload/uploads/1564908621image.jpg', '2019-08-04 10:50:21', 'af4cb6af-b217-11e9-b7ed-0050560103a9', '2019-08-04 10:50:21', 'af4cb6af-b217-11e9-b7ed-0050560103a9', 1),
('fb661fe9-a866-11e9-adc5-0050560103a9', 'POP', '26a85cce-a76b-11e9-9298-0050560103a9', '63bc7be2-a76d-11e9-9298-0050560103a9', 'Proof of payment', 'https://citgoafrica.com/api/api/upload/uploads/1563349586Proof_Of_Payment.pdf', '2019-07-17 09:46:26', '26a7db2b-a76b-11e9-9298-0050560103a9', '2019-07-17 09:46:26', '26a7db2b-a76b-11e9-9298-0050560103a9', 1),
('fe6f46c5-c41c-11e9-a014-0050560103a9', 'POP', '76b744ef-c2bb-11e9-912d-0050560103a9', '1e3b065a-c2bf-11e9-912d-0050560103a9', 'Proof of payment', 'https://citgoafrica.com/api/api/upload/uploads/156639644115663963963931915459023.jpg', '2019-08-21 16:07:21', '76b6c83c-c2bb-11e9-912d-0050560103a9', '2019-08-21 16:07:21', '76b6c83c-c2bb-11e9-912d-0050560103a9', 1);

-- --------------------------------------------------------

--
-- Table structure for table `investment`
--

CREATE TABLE `investment` (
  `InvestmentId` varchar(225) NOT NULL,
  `Ref` varchar(15) NOT NULL,
  `ClientId` varchar(225) NOT NULL,
  `Amount` decimal(10,0) NOT NULL,
  `Profit` decimal(10,0) NOT NULL,
  `Total` decimal(10,0) DEFAULT NULL,
  `Name` varchar(225) NOT NULL,
  `Type` varchar(20) NOT NULL,
  `InvestmentDate` datetime NOT NULL DEFAULT CURRENT_TIMESTAMP,
  `CreateDate` datetime NOT NULL DEFAULT CURRENT_TIMESTAMP,
  `CreateUserId` varchar(225) NOT NULL,
  `ModifyDate` datetime NOT NULL DEFAULT CURRENT_TIMESTAMP,
  `ModifyUserId` varchar(225) NOT NULL,
  `StatusId` int(11) NOT NULL,
  `bankId` int(10) DEFAULT NULL
) ENGINE=InnoDB DEFAULT CHARSET=latin1;

--
-- Dumping data for table `investment`
--

INSERT INTO `investment` (`InvestmentId`, `Ref`, `ClientId`, `Amount`, `Profit`, `Total`, `Name`, `Type`, `InvestmentDate`, `CreateDate`, `CreateUserId`, `ModifyDate`, `ModifyUserId`, `StatusId`, `bankId`) VALUES
('035f80f0-d16d-11e9-b025-0050560103a9', 'CTG32-1', '5187f946-a89d-11e9-adc5-0050560103a9', 5555, 0, 0, 'Share 1', '12', '2019-09-07 14:42:54', '2019-09-07 14:42:54', '5187f946-a89d-11e9-adc5-0050560103a9', '2019-09-07 14:43:27', '5187f946-a89d-11e9-adc5-0050560103a9', 3, 2),
('066d25dc-a1ea-11e9-9298-0050560103a9', 'CTG7-2', '76aaac5d-9d84-11e9-9298-0050560103a9', 5000, 0, 0, 'Share 2', '12', '2019-07-09 03:36:51', '2019-07-09 03:36:51', '76aaac5d-9d84-11e9-9298-0050560103a9', '2019-07-09 03:37:10', '76aaac5d-9d84-11e9-9298-0050560103a9', 5, 3),
('0a25cb85-c4d4-11e9-a014-0050560103a9', 'CTG21-1', 'e306454e-a427-11e9-9298-0050560103a9', 60000, 0, 0, 'Share 1', '12', '2019-08-22 13:57:39', '2019-08-22 13:57:39', 'e306454e-a427-11e9-9298-0050560103a9', '2019-08-26 17:49:18', 'e305cf82-a427-11e9-9298-0050560103a9', 1, NULL),
('109e0be3-a8d7-11e9-adc5-0050560103a9', 'CTG32-1', '5187f946-a89d-11e9-adc5-0050560103a9', 20000, 0, 0, 'Share 1', '12', '2019-07-17 23:08:46', '2019-07-17 23:08:46', '5187f946-a89d-11e9-adc5-0050560103a9', '2019-08-28 11:17:10', '5187f946-a89d-11e9-adc5-0050560103a9', 5, NULL),
('17594148-aaff-11e9-adc5-0050560103a9', 'CTG6-2', '69577f94-9d03-11e9-9298-0050560103a9', 5000, 0, 0, 'Share 2', '12', '2019-07-20 17:00:19', '2019-07-20 17:00:19', '69577f94-9d03-11e9-9298-0050560103a9', '2019-07-20 17:00:29', '69577f94-9d03-11e9-9298-0050560103a9', 5, 1),
('19ce0174-9d89-11e9-9298-0050560103a9', 'CTG8-1', '8705eb63-9d87-11e9-9298-0050560103a9', 10000, 0, 0, 'Share 1', '12', '2019-07-03 13:52:58', '2019-07-03 13:52:58', '8705eb63-9d87-11e9-9298-0050560103a9', '2019-07-04 19:29:59', '87057b6f-9d87-11e9-9298-0050560103a9', 1, NULL),
('1e3b065a-c2bf-11e9-912d-0050560103a9', 'CTG66-1', '76b744ef-c2bb-11e9-912d-0050560103a9', 5000, 0, 0, 'Share 1', '12', '2019-08-19 22:22:51', '2019-08-19 22:22:51', '76b744ef-c2bb-11e9-912d-0050560103a9', '2019-08-21 16:29:49', '76b6c83c-c2bb-11e9-912d-0050560103a9', 1, 3),
('22f6a6af-aa53-11e9-adc5-0050560103a9', 'CTG41-1', 'fba5699a-aa34-11e9-adc5-0050560103a9', 50000, 0, 0, 'Share 1', '12', '2019-07-19 20:29:25', '2019-07-19 20:29:25', 'fba5699a-aa34-11e9-adc5-0050560103a9', '2019-07-20 17:27:00', 'fba4f1a1-aa34-11e9-adc5-0050560103a9', 1, 1),
('27db5572-a818-11e9-adc5-0050560103a9', 'CTG29-1', '6718640f-a816-11e9-adc5-0050560103a9', 20000, 0, 0, 'Share 1', '12', '2019-07-17 00:22:11', '2019-07-17 00:22:11', '6718640f-a816-11e9-adc5-0050560103a9', '2019-07-17 00:22:25', '6718640f-a816-11e9-adc5-0050560103a9', 2, 1),
('2b708689-a55c-11e9-9298-0050560103a9', 'CTG23-1', '0935bdf1-a557-11e9-9298-0050560103a9', 10000, 0, 0, 'Share 1', '12', '2019-07-13 12:51:29', '2019-07-13 12:51:29', '0935bdf1-a557-11e9-9298-0050560103a9', '2019-07-15 22:33:25', '092cf8e7-a557-11e9-9298-0050560103a9', 1, 1),
('2eae6b38-b692-11e9-a8d5-0050560103a9', 'CTG49-1', 'af4cfa2f-b217-11e9-b7ed-0050560103a9', 13000, 0, 0, 'Share 1', '12', '2019-08-04 10:30:57', '2019-08-04 10:30:57', 'af4cfa2f-b217-11e9-b7ed-0050560103a9', '2019-08-05 08:04:48', 'af4cb6af-b217-11e9-b7ed-0050560103a9', 1, 1),
('391f2c7b-be6a-11e9-912d-0050560103a9', 'CTG59-1', 'e7da1afd-be67-11e9-912d-0050560103a9', 5000, 0, 0, 'Share 1', '12', '2019-08-14 10:05:04', '2019-08-14 10:05:04', 'e7da1afd-be67-11e9-912d-0050560103a9', '2019-08-14 21:26:42', 'e7d99c5b-be67-11e9-912d-0050560103a9', 1, NULL),
('48775ccc-c8e9-11e9-a014-0050560103a9', 'CTG59-2', 'e7da1afd-be67-11e9-912d-0050560103a9', 5000, 0, 0, 'Share 2', '12', '2019-08-27 18:39:48', '2019-08-27 18:39:48', 'e7da1afd-be67-11e9-912d-0050560103a9', '2019-08-28 11:19:05', 'e7d99c5b-be67-11e9-912d-0050560103a9', 1, 1),
('48c45f1a-c40a-11e9-a014-0050560103a9', 'CTG69-1', '62dff5c3-c409-11e9-a014-0050560103a9', 5000, 0, 0, 'Share 1', '12', '2019-08-21 13:53:26', '2019-08-21 13:53:26', '62dff5c3-c409-11e9-a014-0050560103a9', '2019-08-21 13:54:23', '62dff5c3-c409-11e9-a014-0050560103a9', 2, 3),
('492e1773-c809-11e9-a014-0050560103a9', 'CTG70-1', 'fd5d9632-c801-11e9-a014-0050560103a9', 10000, 0, 0, 'Share 1', '12', '2019-08-26 15:56:21', '2019-08-26 15:56:21', 'fd5d9632-c801-11e9-a014-0050560103a9', '2019-08-27 15:57:56', 'fd5d2e75-c801-11e9-a014-0050560103a9', 1, NULL),
('4a7d507b-a886-11e9-adc5-0050560103a9', 'CTG4-1', '0e1ccd78-9c8b-11e9-9298-0050560103a9', 100000, 0, 0, 'Share 1', '12', '2019-07-17 13:30:34', '2019-06-17 13:30:34', '0e1ccd78-9c8b-11e9-9298-0050560103a9', '2019-06-17 13:33:07', '0e1c909d-9c8b-11e9-9298-0050560103a9', 1, 1),
('4d9d52e7-9e6f-11e9-9298-0050560103a9', 'CTG10-1', 'c27eb948-9e6e-11e9-9298-0050560103a9', 10000, 0, 0, 'Share 1', '12', '2019-07-04 17:20:49', '2019-07-04 17:20:49', 'c27eb948-9e6e-11e9-9298-0050560103a9', '2019-07-04 17:21:01', 'c27eb948-9e6e-11e9-9298-0050560103a9', 2, 3),
('4f4d3564-c976-11e9-a014-0050560103a9', 'CTG4-2', '0e1ccd78-9c8b-11e9-9298-0050560103a9', 50000, 0, 0, 'Share 2', '12', '2019-08-28 11:29:18', '2019-08-28 11:29:18', '0e1ccd78-9c8b-11e9-9298-0050560103a9', '2019-08-28 11:49:31', '0e1ccd78-9c8b-11e9-9298-0050560103a9', 5, 1),
('529a78cc-9d85-11e9-9298-0050560103a9', 'CTG7-1', '76aaac5d-9d84-11e9-9298-0050560103a9', 50000, 0, 0, 'Share 1', '12', '2019-07-03 13:25:55', '2019-07-03 13:25:55', '76aaac5d-9d84-11e9-9298-0050560103a9', '2019-07-03 13:49:16', '76aaac5d-9d84-11e9-9298-0050560103a9', 5, NULL),
('530c7d2b-c80c-11e9-a014-0050560103a9', 'CTG7-2', '76aaac5d-9d84-11e9-9298-0050560103a9', 60000, 0, 0, 'Share 2', '12', '2019-08-26 16:18:06', '2019-08-26 16:18:06', '76aaac5d-9d84-11e9-9298-0050560103a9', '2019-08-26 16:39:58', '76aaac5d-9d84-11e9-9298-0050560103a9', 5, 3),
('559aceb0-c32f-11e9-a014-0050560103a9', 'CTG7-2', '76aaac5d-9d84-11e9-9298-0050560103a9', 5000, 0, 0, 'Share 2', '12', '2019-08-20 11:46:07', '2019-08-20 11:46:07', '76aaac5d-9d84-11e9-9298-0050560103a9', '2019-08-20 11:46:34', '76aaac5d-9d84-11e9-9298-0050560103a9', 5, NULL),
('58502759-b21b-11e9-b7ed-0050560103a9', 'CTG49-1', 'af4cfa2f-b217-11e9-b7ed-0050560103a9', 6000, 0, 0, 'Share 1', '12', '2019-07-29 18:10:12', '2019-07-29 18:10:12', 'af4cfa2f-b217-11e9-b7ed-0050560103a9', '2019-07-29 21:58:22', 'af4cb6af-b217-11e9-b7ed-0050560103a9', 1, 1),
('5fe2356c-9c8c-11e9-9298-0050560103a9', 'CTG4-2', '0e1ccd78-9c8b-11e9-9298-0050560103a9', 50000, 0, 0, 'Share 2', '12', '2019-06-02 07:43:52', '2019-05-02 07:43:52', '0e1ccd78-9c8b-11e9-9298-0050560103a9', '2019-06-02 07:44:09', '0e1ccd78-9c8b-11e9-9298-0050560103a9', 5, 1),
('63bc7be2-a76d-11e9-9298-0050560103a9', 'CTG27-1', '26a85cce-a76b-11e9-9298-0050560103a9', 10000, 0, 0, 'Share 1', '12', '2019-07-16 03:59:47', '2019-07-16 03:59:47', '26a85cce-a76b-11e9-9298-0050560103a9', '2019-07-17 16:04:50', '26a7db2b-a76b-11e9-9298-0050560103a9', 1, 3),
('6c7a2b7b-9e62-11e9-9298-0050560103a9', 'CTG6-1', '69577f94-9d03-11e9-9298-0050560103a9', 85888, 0, 0, 'Share 1', '12', '2019-07-04 15:48:37', '2019-07-04 15:48:37', '69577f94-9d03-11e9-9298-0050560103a9', '2019-07-04 15:48:48', '69577f94-9d03-11e9-9298-0050560103a9', 5, 1),
('6c7e5307-a167-11e9-9298-0050560103a9', 'CTG6-1', '69577f94-9d03-11e9-9298-0050560103a9', 5255, 0, 0, 'Share 1', '12', '2019-07-08 12:01:58', '2019-07-08 12:01:58', '69577f94-9d03-11e9-9298-0050560103a9', '2019-08-04 12:51:05', '69573a39-9d03-11e9-9298-0050560103a9', 1, 1),
('77fcd39e-c939-11e9-a014-0050560103a9', 'CTG7-2', '76aaac5d-9d84-11e9-9298-0050560103a9', 50000, 0, 0, 'Share 2', '12', '2019-08-28 04:13:47', '2019-08-28 04:13:47', '76aaac5d-9d84-11e9-9298-0050560103a9', '2019-08-28 04:14:18', '76aaac5d-9d84-11e9-9298-0050560103a9', 5, 3),
('784bc35d-9e62-11e9-9298-0050560103a9', 'CTG6-2', '69577f94-9d03-11e9-9298-0050560103a9', 50000, 0, 0, 'Share 2', '12', '2019-07-04 15:48:57', '2019-07-04 15:48:57', '69577f94-9d03-11e9-9298-0050560103a9', '2019-07-04 15:49:10', '69577f94-9d03-11e9-9298-0050560103a9', 5, 3),
('7ace92bd-cb41-11e9-a014-0050560103a9', 'CTG72-1', 'eb142865-cb3f-11e9-a014-0050560103a9', 100000, 0, 0, 'Share 1', '12', '2019-08-30 18:16:10', '2019-08-30 18:16:10', 'eb142865-cb3f-11e9-a014-0050560103a9', '2019-08-31 07:45:39', 'eb1380a1-cb3f-11e9-a014-0050560103a9', 1, 1),
('7d247ec1-d584-11e9-b025-0050560103a9', 'CTG52-1', '0671dabb-b4e5-11e9-a8d5-0050560103a9', 5000, 0, 0, 'Share 1', '12', '2019-09-12 19:41:02', '2019-09-12 19:41:02', '0671dabb-b4e5-11e9-a8d5-0050560103a9', '2019-09-13 12:55:13', '06717999-b4e5-11e9-a8d5-0050560103a9', 1, 1),
('819f7d21-ce17-11e9-a014-0050560103a9', 'CTG76-1', 'ccf9af08-ce15-11e9-a014-0050560103a9', 35000, 0, 0, 'Share 1', '12', '2019-09-03 08:53:16', '2019-09-03 08:53:16', 'ccf9af08-ce15-11e9-a014-0050560103a9', '2019-09-03 10:39:07', 'ccf91a00-ce15-11e9-a014-0050560103a9', 1, 3),
('8338a0a6-ce4f-11e9-a014-0050560103a9', 'CTG70-3', 'fd5d9632-c801-11e9-a014-0050560103a9', 10000, 0, 0, 'Share 3', '12', '2019-09-03 15:34:11', '2019-09-03 15:34:11', 'fd5d9632-c801-11e9-a014-0050560103a9', '2019-09-03 15:42:42', 'fd5d2e75-c801-11e9-a014-0050560103a9', 1, 2),
('842ccf50-9e61-11e9-9298-0050560103a9', 'CTG6-1', '69577f94-9d03-11e9-9298-0050560103a9', 15000, 0, 0, 'Share 1', '12', '2019-07-04 15:42:07', '2019-07-04 15:42:07', '69577f94-9d03-11e9-9298-0050560103a9', '2019-07-04 15:44:58', '69577f94-9d03-11e9-9298-0050560103a9', 5, NULL),
('8459a500-9e61-11e9-9298-0050560103a9', 'CTG6-1', '69577f94-9d03-11e9-9298-0050560103a9', 15000, 0, 0, 'Share 1', '12', '2019-07-04 15:42:08', '2019-07-04 15:42:08', '69577f94-9d03-11e9-9298-0050560103a9', '2019-07-04 15:43:45', '69577f94-9d03-11e9-9298-0050560103a9', 5, 1),
('88bb75f2-9d05-11e9-9298-0050560103a9', 'CTG5-1', 'f00a2e2e-9d01-11e9-9298-0050560103a9', 20000, 0, 0, 'Share 1', '12', '2019-07-02 22:11:10', '2019-07-02 22:11:10', 'f00a2e2e-9d01-11e9-9298-0050560103a9', '2019-07-03 10:29:16', 'f009dacb-9d01-11e9-9298-0050560103a9', 1, 1),
('899b67a9-ac2a-11e9-adc5-0050560103a9', 'CTG7-2', '76aaac5d-9d84-11e9-9298-0050560103a9', 10000, 0, 0, 'Share 2', '12', '2019-07-22 04:43:50', '2019-07-22 04:43:50', '76aaac5d-9d84-11e9-9298-0050560103a9', '2019-07-22 04:44:23', '76aaac5d-9d84-11e9-9298-0050560103a9', 5, 3),
('8ac8d33d-9c8b-11e9-9298-0050560103a9', 'CTG4-1', '0e1ccd78-9c8b-11e9-9298-0050560103a9', 6000, 0, 0, 'Share 1', '12', '2019-07-02 07:37:55', '2019-07-02 07:37:55', '0e1ccd78-9c8b-11e9-9298-0050560103a9', '2019-07-02 07:43:27', '0e1ccd78-9c8b-11e9-9298-0050560103a9', 5, 1),
('9296bd4b-c9a4-11e9-a014-0050560103a9', 'CTG4-1', '0e1ccd78-9c8b-11e9-9298-0050560103a9', 10000, 0, 0, 'Share 1', '12', '2019-08-28 17:00:28', '2019-08-28 17:00:28', '0e1ccd78-9c8b-11e9-9298-0050560103a9', '2019-08-28 21:50:42', '0e1ccd78-9c8b-11e9-9298-0050560103a9', 5, 2),
('940e3426-d574-11e9-b025-0050560103a9', 'CTG83-1', 'ad7f38ef-d572-11e9-b025-0050560103a9', 5000, 0, 0, 'Share 1', '12', '2019-09-12 17:47:08', '2019-09-12 17:47:08', 'ad7f38ef-d572-11e9-b025-0050560103a9', '2019-09-12 18:20:21', 'ad7ec99b-d572-11e9-b025-0050560103a9', 1, 3),
('9d8196c5-bf46-11e9-912d-0050560103a9', 'CTG48-2', 'e8784dfc-af84-11e9-adc5-0050560103a9', 5000, 0, 0, 'Share 2', '12', '2019-08-15 12:22:42', '2019-08-15 12:22:42', 'e8784dfc-af84-11e9-adc5-0050560103a9', '2019-08-15 21:18:43', 'e877c81a-af84-11e9-adc5-0050560103a9', 1, NULL),
('9e045339-b500-11e9-a8d5-0050560103a9', 'CTG53-1', '84d2b372-b4fe-11e9-a8d5-0050560103a9', 40000, 0, 0, 'Share 1', '12', '2019-08-02 10:36:26', '2019-08-02 10:36:26', '84d2b372-b4fe-11e9-a8d5-0050560103a9', '2019-08-03 10:05:49', '84d239ac-b4fe-11e9-a8d5-0050560103a9', 1, 1),
('9f48b847-abeb-11e9-adc5-0050560103a9', 'CTG5-2', 'f00a2e2e-9d01-11e9-9298-0050560103a9', 10000, 0, 0, 'Share 2', '12', '2019-07-21 21:13:28', '2019-07-21 21:13:28', 'f00a2e2e-9d01-11e9-9298-0050560103a9', '2019-07-22 04:10:42', 'f009dacb-9d01-11e9-9298-0050560103a9', 1, 1),
('a8ded624-9d88-11e9-9298-0050560103a9', 'CTG7-1', '76aaac5d-9d84-11e9-9298-0050560103a9', 50000, 0, 0, 'Share 1', '12', '2019-07-03 13:49:48', '2019-07-03 13:49:48', '76aaac5d-9d84-11e9-9298-0050560103a9', '2019-07-04 19:28:59', '76aa3741-9d84-11e9-9298-0050560103a9', 1, 1),
('ab768a5c-d662-11e9-b025-0050560103a9', 'CTG8-2', '8705eb63-9d87-11e9-9298-0050560103a9', 6700, 0, 0, 'Share 2', '12', '2019-09-13 22:11:28', '2019-09-13 22:11:28', '8705eb63-9d87-11e9-9298-0050560103a9', '2019-09-13 22:14:46', '8705eb63-9d87-11e9-9298-0050560103a9', 2, 2),
('ae29acc7-afe0-11e9-adc5-0050560103a9', 'CTG7-2', '76aaac5d-9d84-11e9-9298-0050560103a9', 5000, 0, 0, 'Share 2', '12', '2019-07-26 22:05:14', '2019-07-26 22:05:14', '76aaac5d-9d84-11e9-9298-0050560103a9', '2019-07-27 21:02:41', '76aaac5d-9d84-11e9-9298-0050560103a9', 5, NULL),
('aeb01497-c974-11e9-a014-0050560103a9', 'CTG32-2', '5187f946-a89d-11e9-adc5-0050560103a9', 50000, 0, 0, 'Share 2', '12', '2019-08-28 11:17:39', '2019-08-28 11:17:39', '5187f946-a89d-11e9-adc5-0050560103a9', '2019-09-07 14:42:37', '5187f946-a89d-11e9-adc5-0050560103a9', 5, 2),
('b1e8edd0-a7bf-11e9-9298-0050560103a9', 'CTG28-1', '83b4a5b0-a7b8-11e9-9298-0050560103a9', 10000, 0, 0, 'Share 1', '12', '2019-07-16 13:48:57', '2019-07-16 13:48:57', '83b4a5b0-a7b8-11e9-9298-0050560103a9', '2019-07-16 13:51:47', '83b4a5b0-a7b8-11e9-9298-0050560103a9', 2, 1),
('b4466aa2-9d04-11e9-9298-0050560103a9', 'CTG6-1', '69577f94-9d03-11e9-9298-0050560103a9', 12333, 0, 0, 'Share 1', '12', '2019-07-02 22:05:14', '2019-07-02 22:05:14', '69577f94-9d03-11e9-9298-0050560103a9', '2019-07-02 22:05:22', '69577f94-9d03-11e9-9298-0050560103a9', 5, 1),
('b5571371-a6d7-11e9-9298-0050560103a9', 'CTG26-1', '557f3799-a6cb-11e9-9298-0050560103a9', 5000, 0, 0, 'Share 1', '12', '2019-07-15 10:08:20', '2019-07-15 10:08:20', '557f3799-a6cb-11e9-9298-0050560103a9', '2019-07-15 10:13:58', '557f3799-a6cb-11e9-9298-0050560103a9', 5, 1),
('be11f6cd-a24f-11e9-9298-0050560103a9', 'CTG18-1', '65a7b96b-a24b-11e9-9298-0050560103a9', 5000, 0, 0, 'Share 1', '12', '2019-07-09 15:44:58', '2019-07-09 15:44:58', '65a7b96b-a24b-11e9-9298-0050560103a9', '2019-07-10 08:23:31', '65a72d5e-a24b-11e9-9298-0050560103a9', 1, 1),
('c0bd2657-ce30-11e9-a014-0050560103a9', 'CTG9-2', 'f3cbe683-9d8a-11e9-9298-0050560103a9', 5000, 0, 0, 'Share 2', '12', '2019-09-03 11:53:59', '2019-09-03 11:53:59', 'f3cbe683-9d8a-11e9-9298-0050560103a9', '2019-09-04 06:54:30', 'f3cb9107-9d8a-11e9-9298-0050560103a9', 1, NULL),
('cf6c42f0-a8a9-11e9-adc5-0050560103a9', 'CTG33-1', '184e393f-a89f-11e9-adc5-0050560103a9', 5000, 0, 0, 'Share 1', '12', '2019-07-17 17:44:49', '2019-07-17 17:44:49', '184e393f-a89f-11e9-adc5-0050560103a9', '2019-07-17 22:58:31', '184d88f4-a89f-11e9-adc5-0050560103a9', 1, 3),
('d5f6b074-ab30-11e9-adc5-0050560103a9', 'CTG25-1', '38455b50-a5b6-11e9-9298-0050560103a9', 60000, 0, 0, 'Share 1', '12', '2019-07-20 22:56:24', '2019-07-20 22:56:24', '38455b50-a5b6-11e9-9298-0050560103a9', '2019-07-21 21:02:22', '3844e083-a5b6-11e9-9298-0050560103a9', 1, 1),
('d5faad56-c027-11e9-912d-0050560103a9', 'CTG49-1', 'af4cfa2f-b217-11e9-b7ed-0050560103a9', 8000, 0, 0, 'Share 1', '12', '2019-08-16 15:14:53', '2019-08-16 15:14:53', 'af4cfa2f-b217-11e9-b7ed-0050560103a9', '2019-08-16 16:42:03', 'af4cb6af-b217-11e9-b7ed-0050560103a9', 1, 1),
('d86ed642-ca19-11e9-a014-0050560103a9', 'CTG71-1', '3d15d96a-c98b-11e9-a014-0050560103a9', 10000, 0, 0, 'Share 1', '12', '2019-08-29 06:59:56', '2019-08-29 06:59:56', '3d15d96a-c98b-11e9-a014-0050560103a9', '2019-09-04 14:28:07', '3d15d96a-c98b-11e9-a014-0050560103a9', 5, NULL),
('da0bb1af-9c89-11e9-9298-0050560103a9', 'CTG3-1', 'da1e961a-9c88-11e9-9298-0050560103a9', 200000, 0, 0, 'Share 1', '12', '2019-07-02 07:25:49', '2019-07-02 07:25:49', 'da1e961a-9c88-11e9-9298-0050560103a9', '2019-07-02 07:28:58', 'da1e17f3-9c88-11e9-9298-0050560103a9', 1, 1),
('da0c36b9-b484-11e9-a8d5-0050560103a9', 'CTG51-1', '4d8d69b1-b47f-11e9-a8d5-0050560103a9', 5000, 0, 0, 'Share 1', '12', '2019-08-01 19:50:29', '2019-08-01 19:50:29', '4d8d69b1-b47f-11e9-a8d5-0050560103a9', '2019-08-02 05:14:01', '4d8cf9d7-b47f-11e9-a8d5-0050560103a9', 1, 1),
('dfdd1f72-ac89-11e9-adc5-0050560103a9', 'CTG7-2', '76aaac5d-9d84-11e9-9298-0050560103a9', 10000, 0, 0, 'Share 2', '12', '2019-07-22 16:06:17', '2019-07-22 16:06:17', '76aaac5d-9d84-11e9-9298-0050560103a9', '2019-07-22 18:24:13', '76aaac5d-9d84-11e9-9298-0050560103a9', 5, NULL),
('e4728163-a8c6-11e9-adc5-0050560103a9', 'CTG34-1', 'cc4ec376-a8c5-11e9-adc5-0050560103a9', 5000, 0, 0, 'Share 1', '12', '2019-07-17 21:13:00', '2019-07-17 21:13:00', 'cc4ec376-a8c5-11e9-adc5-0050560103a9', '2019-07-17 22:58:46', 'cc4e7fb1-a8c5-11e9-adc5-0050560103a9', 1, 3),
('e9db6be0-cf0f-11e9-b025-0050560103a9', 'CTG71-2', '3d15d96a-c98b-11e9-a014-0050560103a9', 10000, 0, 0, 'Share 2', '12', '2019-09-04 14:31:26', '2019-09-04 14:31:26', '3d15d96a-c98b-11e9-a014-0050560103a9', '2019-09-08 11:10:28', '3d156962-c98b-11e9-a014-0050560103a9', 1, 1),
('ecb75062-af89-11e9-adc5-0050560103a9', 'CTG48-1', 'e8784dfc-af84-11e9-adc5-0050560103a9', 5000, 0, 0, 'Share 1', '12', '2019-07-26 11:44:12', '2019-07-26 11:44:12', 'e8784dfc-af84-11e9-adc5-0050560103a9', '2019-07-27 18:29:43', 'e877c81a-af84-11e9-adc5-0050560103a9', 1, NULL),
('ef237c44-b84f-11e9-9595-0050560103a9', 'CTG55-1', 'a332bc2e-b6c6-11e9-a8d5-0050560103a9', 10000, 0, 0, 'Share 1', '12', '2019-08-06 15:41:46', '2019-08-06 15:41:46', 'a332bc2e-b6c6-11e9-a8d5-0050560103a9', '2019-08-07 09:18:06', 'a3310f0f-b6c6-11e9-a8d5-0050560103a9', 1, 1),
('f0621714-a5a4-11e9-9298-0050560103a9', 'CTG24-1', '03fbda75-a59d-11e9-9298-0050560103a9', 30000, 0, 0, 'Share 1', '12', '2019-07-13 21:32:23', '2019-07-13 21:32:23', '03fbda75-a59d-11e9-9298-0050560103a9', '2019-07-14 17:00:27', '03fb7022-a59d-11e9-9298-0050560103a9', 1, 3),
('f0d1fe65-c996-11e9-a014-0050560103a9', 'CTG4-1', '0e1ccd78-9c8b-11e9-9298-0050560103a9', 10000, 0, 0, 'Share 1', '12', '2019-08-28 15:22:53', '2019-08-28 15:22:53', '0e1ccd78-9c8b-11e9-9298-0050560103a9', '2019-08-28 15:31:31', '0e1ccd78-9c8b-11e9-9298-0050560103a9', 5, NULL),
('f557882b-9d84-11e9-9298-0050560103a9', 'CTG7-1', '76aaac5d-9d84-11e9-9298-0050560103a9', 50000, 0, 0, 'Share 1', '12', '2019-07-03 13:23:18', '2019-07-03 13:23:18', '76aaac5d-9d84-11e9-9298-0050560103a9', '2019-07-03 13:23:40', '76aaac5d-9d84-11e9-9298-0050560103a9', 5, 1),
('f55c858e-c8d1-11e9-a014-0050560103a9', 'CTG70-2', 'fd5d9632-c801-11e9-a014-0050560103a9', 75000, 0, 0, 'Share 2', '12', '2019-08-27 15:52:50', '2019-08-27 15:52:50', 'fd5d9632-c801-11e9-a014-0050560103a9', '2019-08-27 15:58:05', 'fd5d2e75-c801-11e9-a014-0050560103a9', 1, 1),
('fdb40c8e-9d99-11e9-9298-0050560103a9', 'CTG9-1', 'f3cbe683-9d8a-11e9-9298-0050560103a9', 20000, 0, 0, 'Share 1', '12', '2019-07-03 15:53:52', '2019-07-03 15:53:52', 'f3cbe683-9d8a-11e9-9298-0050560103a9', '2019-07-04 19:29:09', 'f3cb9107-9d8a-11e9-9298-0050560103a9', 1, NULL),
('ffebba3e-ce83-11e9-a014-0050560103a9', 'CTG77-1', '0d48cdc3-ce7e-11e9-a014-0050560103a9', 10000, 0, 0, 'Share 1', '12', '2019-09-03 21:49:54', '2019-09-03 21:49:54', '0d48cdc3-ce7e-11e9-a014-0050560103a9', '2019-09-03 21:51:29', '0d48cdc3-ce7e-11e9-a014-0050560103a9', 2, 1);

-- --------------------------------------------------------

--
-- Table structure for table `profit`
--

CREATE TABLE `profit` (
  `ProfitId` varchar(255) NOT NULL,
  `InvestmentId` varchar(255) NOT NULL,
  `ProfitAmount` decimal(20,0) NOT NULL,
  `CreateDate` datetime NOT NULL DEFAULT CURRENT_TIMESTAMP,
  `CreateUserId` varchar(255) NOT NULL,
  `ModifyDate` datetime NOT NULL DEFAULT CURRENT_TIMESTAMP,
  `ModifyUserId` varchar(255) NOT NULL,
  `StatusId` int(10) NOT NULL
) ENGINE=InnoDB DEFAULT CHARSET=latin1;

-- --------------------------------------------------------

--
-- Table structure for table `roles`
--

CREATE TABLE `roles` (
  `RoleId` int(11) NOT NULL,
  `Description` varchar(25) NOT NULL,
  `CreateDate` datetime NOT NULL DEFAULT CURRENT_TIMESTAMP,
  `CreateUserId` varchar(225) NOT NULL,
  `ModifyDate` datetime NOT NULL DEFAULT CURRENT_TIMESTAMP,
  `ModifyUserId` varchar(225) NOT NULL,
  `StatusId` int(11) NOT NULL
) ENGINE=InnoDB DEFAULT CHARSET=latin1;

--
-- Dumping data for table `roles`
--

INSERT INTO `roles` (`RoleId`, `Description`, `CreateDate`, `CreateUserId`, `ModifyDate`, `ModifyUserId`, `StatusId`) VALUES
(1, 'Admin', '2019-05-06 21:48:02', 'me', '2019-05-06 21:48:02', 'me', 1),
(2, 'Client', '2019-05-06 21:48:02', 'me', '2019-05-06 21:48:02', 'me', 1);

-- --------------------------------------------------------

--
-- Table structure for table `statuses`
--

CREATE TABLE `statuses` (
  `StatusId` int(11) NOT NULL,
  `Description` varchar(25) NOT NULL,
  `CreateDate` datetime NOT NULL DEFAULT CURRENT_TIMESTAMP,
  `CreateUserId` varchar(225) NOT NULL,
  `ModifyDate` datetime NOT NULL DEFAULT CURRENT_TIMESTAMP,
  `ModifyUserId` varchar(225) NOT NULL,
  `IsActive` int(11) NOT NULL
) ENGINE=InnoDB DEFAULT CHARSET=latin1;

-- --------------------------------------------------------

--
-- Table structure for table `transactionhistory`
--

CREATE TABLE `transactionhistory` (
  `TransactionHistoryId` varchar(225) NOT NULL,
  `Action` varchar(225) NOT NULL,
  `PayLoad` text,
  `UserId` varchar(225) NOT NULL,
  `CreateDate` datetime NOT NULL DEFAULT CURRENT_TIMESTAMP,
  `CreateUserId` varchar(225) NOT NULL,
  `ModifyDate` datetime NOT NULL DEFAULT CURRENT_TIMESTAMP,
  `ModifyUserId` varchar(225) NOT NULL,
  `StatusId` int(11) NOT NULL
) ENGINE=InnoDB DEFAULT CHARSET=latin1;

-- --------------------------------------------------------

--
-- Table structure for table `userroles`
--

CREATE TABLE `userroles` (
  `Id` int(11) NOT NULL,
  `UserId` varchar(225) NOT NULL,
  `RoleId` varchar(225) NOT NULL,
  `CreateDate` datetime NOT NULL DEFAULT CURRENT_TIMESTAMP,
  `CreateUserId` varchar(225) NOT NULL,
  `ModifyDate` datetime NOT NULL DEFAULT CURRENT_TIMESTAMP,
  `ModifyUserId` varchar(225) NOT NULL,
  `StatusId` int(11) NOT NULL
) ENGINE=InnoDB DEFAULT CHARSET=latin1;

--
-- Dumping data for table `userroles`
--

INSERT INTO `userroles` (`Id`, `UserId`, `RoleId`, `CreateDate`, `CreateUserId`, `ModifyDate`, `ModifyUserId`, `StatusId`) VALUES
(2, '00bb958f-871b-11e9-bdcc-005056010388', '1\r\n', '2019-06-05 00:49:56', '00bb958f-871b-11e9-bdcc-0050560103a9', '2019-06-05 00:49:56', '00bb958f-871b-11e9-bdcc-0050560103a9', 1),
(3, 'da1e17f3-9c88-11e9-9298-0050560103a9', '2', '2019-07-02 07:23:41', 'da1e17f3-9c88-11e9-9298-0050560103a9', '2019-07-02 07:23:41', 'da1e17f3-9c88-11e9-9298-0050560103a9', 1),
(4, '0e1c909d-9c8b-11e9-9298-0050560103a9', '2', '2019-07-02 07:36:14', '0e1c909d-9c8b-11e9-9298-0050560103a9', '2019-07-02 07:36:14', '0e1c909d-9c8b-11e9-9298-0050560103a9', 1),
(5, '69573a39-9d03-11e9-9298-0050560103a9', '2', '2019-07-02 22:03:58', '69573a39-9d03-11e9-9298-0050560103a9', '2019-07-02 22:03:58', '69573a39-9d03-11e9-9298-0050560103a9', 1),
(6, 'f009dacb-9d01-11e9-9298-0050560103a9', '2', '2019-07-02 22:06:29', 'f009dacb-9d01-11e9-9298-0050560103a9', '2019-07-02 22:06:29', 'f009dacb-9d01-11e9-9298-0050560103a9', 1),
(7, '76aa3741-9d84-11e9-9298-0050560103a9', '2', '2019-07-03 13:22:14', '76aa3741-9d84-11e9-9298-0050560103a9', '2019-07-03 13:22:14', '76aa3741-9d84-11e9-9298-0050560103a9', 1),
(8, '87057b6f-9d87-11e9-9298-0050560103a9', '2', '2019-07-03 13:49:31', '87057b6f-9d87-11e9-9298-0050560103a9', '2019-07-03 13:49:31', '87057b6f-9d87-11e9-9298-0050560103a9', 1),
(9, 'f3cb9107-9d8a-11e9-9298-0050560103a9', '2', '2019-07-03 14:50:05', 'f3cb9107-9d8a-11e9-9298-0050560103a9', '2019-07-03 14:50:05', 'f3cb9107-9d8a-11e9-9298-0050560103a9', 1),
(10, 'c27e56a3-9e6e-11e9-9298-0050560103a9', '2', '2019-07-04 17:19:58', 'c27e56a3-9e6e-11e9-9298-0050560103a9', '2019-07-04 17:19:58', 'c27e56a3-9e6e-11e9-9298-0050560103a9', 1),
(11, '699dc24f-9f1b-11e9-9298-0050560103a9', '2', '2019-07-05 13:58:28', '699dc24f-9f1b-11e9-9298-0050560103a9', '2019-07-05 13:58:28', '699dc24f-9f1b-11e9-9298-0050560103a9', 1),
(12, '90ab9c5f-a20a-11e9-9298-0050560103a9', '2', '2019-07-09 07:31:40', '90ab9c5f-a20a-11e9-9298-0050560103a9', '2019-07-09 07:31:40', '90ab9c5f-a20a-11e9-9298-0050560103a9', 1),
(13, '65a72d5e-a24b-11e9-9298-0050560103a9', '2', '2019-07-09 15:40:03', '65a72d5e-a24b-11e9-9298-0050560103a9', '2019-07-09 15:40:03', '65a72d5e-a24b-11e9-9298-0050560103a9', 1),
(14, '12dfd4c7-a3d9-11e9-9298-0050560103a9', '2', '2019-07-11 14:56:59', '12dfd4c7-a3d9-11e9-9298-0050560103a9', '2019-07-11 14:56:59', '12dfd4c7-a3d9-11e9-9298-0050560103a9', 1),
(15, '092cf8e7-a557-11e9-9298-0050560103a9', '2', '2019-07-13 12:20:47', '092cf8e7-a557-11e9-9298-0050560103a9', '2019-07-13 12:20:47', '092cf8e7-a557-11e9-9298-0050560103a9', 1),
(16, '03fb7022-a59d-11e9-9298-0050560103a9', '2', '2019-07-13 21:08:54', '03fb7022-a59d-11e9-9298-0050560103a9', '2019-07-13 21:08:54', '03fb7022-a59d-11e9-9298-0050560103a9', 1),
(17, '3844e083-a5b6-11e9-9298-0050560103a9', '2', '2019-07-14 07:48:48', '3844e083-a5b6-11e9-9298-0050560103a9', '2019-07-14 07:48:48', '3844e083-a5b6-11e9-9298-0050560103a9', 1),
(18, '557ed786-a6cb-11e9-9298-0050560103a9', '2', '2019-07-15 09:12:56', '557ed786-a6cb-11e9-9298-0050560103a9', '2019-07-15 09:12:56', '557ed786-a6cb-11e9-9298-0050560103a9', 1),
(19, '26a7db2b-a76b-11e9-9298-0050560103a9', '2', '2019-07-16 03:53:29', '26a7db2b-a76b-11e9-9298-0050560103a9', '2019-07-16 03:53:29', '26a7db2b-a76b-11e9-9298-0050560103a9', 1),
(20, '83b431fb-a7b8-11e9-9298-0050560103a9', '2', '2019-07-16 13:04:33', '83b431fb-a7b8-11e9-9298-0050560103a9', '2019-07-16 13:04:33', '83b431fb-a7b8-11e9-9298-0050560103a9', 1),
(21, '671810c9-a816-11e9-adc5-0050560103a9', '2', '2019-07-17 00:14:27', '671810c9-a816-11e9-adc5-0050560103a9', '2019-07-17 00:14:27', '671810c9-a816-11e9-adc5-0050560103a9', 1),
(22, 'c464f834-a84e-11e9-adc5-0050560103a9', '2', '2019-07-17 06:56:21', 'c464f834-a84e-11e9-adc5-0050560103a9', '2019-07-17 06:56:21', 'c464f834-a84e-11e9-adc5-0050560103a9', 1),
(23, '51878f09-a89d-11e9-adc5-0050560103a9', '2', '2019-07-17 16:18:31', '51878f09-a89d-11e9-adc5-0050560103a9', '2019-07-17 16:18:31', '51878f09-a89d-11e9-adc5-0050560103a9', 1),
(24, '184d88f4-a89f-11e9-adc5-0050560103a9', '2', '2019-07-17 16:39:12', '184d88f4-a89f-11e9-adc5-0050560103a9', '2019-07-17 16:39:12', '184d88f4-a89f-11e9-adc5-0050560103a9', 1),
(25, 'cc4e7fb1-a8c5-11e9-adc5-0050560103a9', '2', '2019-07-17 21:09:20', 'cc4e7fb1-a8c5-11e9-adc5-0050560103a9', '2019-07-17 21:09:20', 'cc4e7fb1-a8c5-11e9-adc5-0050560103a9', 1),
(26, '826e78d0-a8ca-11e9-adc5-0050560103a9', '2', '2019-07-17 21:41:39', '826e78d0-a8ca-11e9-adc5-0050560103a9', '2019-07-17 21:41:39', '826e78d0-a8ca-11e9-adc5-0050560103a9', 1),
(27, 'dc6dced0-a8d1-11e9-adc5-0050560103a9', '2', '2019-07-17 22:32:42', 'dc6dced0-a8d1-11e9-adc5-0050560103a9', '2019-07-17 22:32:42', 'dc6dced0-a8d1-11e9-adc5-0050560103a9', 1),
(28, 'e5b9bf70-a911-11e9-adc5-0050560103a9', '2', '2019-07-18 06:13:56', 'e5b9bf70-a911-11e9-adc5-0050560103a9', '2019-07-18 06:13:56', 'e5b9bf70-a911-11e9-adc5-0050560103a9', 1),
(29, 'fba4f1a1-aa34-11e9-adc5-0050560103a9', '2', '2019-07-19 17:03:21', 'fba4f1a1-aa34-11e9-adc5-0050560103a9', '2019-07-19 17:03:21', 'fba4f1a1-aa34-11e9-adc5-0050560103a9', 1),
(30, '2f289a42-aa52-11e9-adc5-0050560103a9', '2', '2019-07-19 20:32:49', '2f289a42-aa52-11e9-adc5-0050560103a9', '2019-07-19 20:32:49', '2f289a42-aa52-11e9-adc5-0050560103a9', 1),
(31, 'e877c81a-af84-11e9-adc5-0050560103a9', '2', '2019-07-26 11:19:28', 'e877c81a-af84-11e9-adc5-0050560103a9', '2019-07-26 11:19:28', 'e877c81a-af84-11e9-adc5-0050560103a9', 1),
(32, 'af4cb6af-b217-11e9-b7ed-0050560103a9', '2', '2019-07-29 17:58:21', 'af4cb6af-b217-11e9-b7ed-0050560103a9', '2019-07-29 17:58:21', 'af4cb6af-b217-11e9-b7ed-0050560103a9', 1),
(33, '7d18976c-b23d-11e9-b7ed-0050560103a9', '2', '2019-07-30 07:17:09', '7d18976c-b23d-11e9-b7ed-0050560103a9', '2019-07-30 07:17:09', '7d18976c-b23d-11e9-b7ed-0050560103a9', 1),
(34, '4d8cf9d7-b47f-11e9-a8d5-0050560103a9', '2', '2019-08-01 19:41:47', '4d8cf9d7-b47f-11e9-a8d5-0050560103a9', '2019-08-01 19:41:47', '4d8cf9d7-b47f-11e9-a8d5-0050560103a9', 1),
(35, '84d239ac-b4fe-11e9-a8d5-0050560103a9', '2', '2019-08-02 10:34:11', '84d239ac-b4fe-11e9-a8d5-0050560103a9', '2019-08-02 10:34:11', '84d239ac-b4fe-11e9-a8d5-0050560103a9', 1),
(36, 'a3310f0f-b6c6-11e9-a8d5-0050560103a9', '2', '2019-08-04 16:55:29', 'a3310f0f-b6c6-11e9-a8d5-0050560103a9', '2019-08-04 16:55:29', 'a3310f0f-b6c6-11e9-a8d5-0050560103a9', 1),
(37, '06717999-b4e5-11e9-a8d5-0050560103a9', '2', '2019-08-06 13:58:37', '06717999-b4e5-11e9-a8d5-0050560103a9', '2019-08-06 13:58:37', '06717999-b4e5-11e9-a8d5-0050560103a9', 1),
(38, '0004f991-baa5-11e9-9595-0050560103a9', '2', '2019-08-09 15:52:01', '0004f991-baa5-11e9-9595-0050560103a9', '2019-08-09 15:52:01', '0004f991-baa5-11e9-9595-0050560103a9', 1),
(39, 'e7d99c5b-be67-11e9-912d-0050560103a9', '2', '2019-08-14 10:01:29', 'e7d99c5b-be67-11e9-912d-0050560103a9', '2019-08-14 10:01:29', 'e7d99c5b-be67-11e9-912d-0050560103a9', 1),
(40, 'c5029264-c03f-11e9-912d-0050560103a9', '2', '2019-08-16 18:55:38', 'c5029264-c03f-11e9-912d-0050560103a9', '2019-08-16 18:55:38', 'c5029264-c03f-11e9-912d-0050560103a9', 1),
(41, '61da7626-c061-11e9-912d-0050560103a9', '2', '2019-08-16 22:10:19', '61da7626-c061-11e9-912d-0050560103a9', '2019-08-16 22:10:19', '61da7626-c061-11e9-912d-0050560103a9', 1),
(42, '6c7d24da-c0bd-11e9-912d-0050560103a9', '2', '2019-08-17 09:38:42', '6c7d24da-c0bd-11e9-912d-0050560103a9', '2019-08-17 09:38:42', '6c7d24da-c0bd-11e9-912d-0050560103a9', 1),
(43, 'bac04d4e-c0e7-11e9-912d-0050560103a9', '2', '2019-08-17 14:09:09', 'bac04d4e-c0e7-11e9-912d-0050560103a9', '2019-08-17 14:09:09', 'bac04d4e-c0e7-11e9-912d-0050560103a9', 1),
(44, 'c327aadd-c28d-11e9-912d-0050560103a9', '2', '2019-08-19 16:35:14', 'c327aadd-c28d-11e9-912d-0050560103a9', '2019-08-19 16:35:14', 'c327aadd-c28d-11e9-912d-0050560103a9', 1),
(45, '76b6c83c-c2bb-11e9-912d-0050560103a9', '2', '2019-08-19 22:09:18', '76b6c83c-c2bb-11e9-912d-0050560103a9', '2019-08-19 22:09:18', '76b6c83c-c2bb-11e9-912d-0050560103a9', 1),
(46, '19c1322c-c30d-11e9-a014-0050560103a9', '2', '2019-08-20 08:01:34', '19c1322c-c30d-11e9-a014-0050560103a9', '2019-08-20 08:01:34', '19c1322c-c30d-11e9-a014-0050560103a9', 1),
(47, '62df6dd5-c409-11e9-a014-0050560103a9', '2', '2019-08-21 13:50:33', '62df6dd5-c409-11e9-a014-0050560103a9', '2019-08-21 13:50:33', '62df6dd5-c409-11e9-a014-0050560103a9', 1),
(48, 'e305cf82-a427-11e9-9298-0050560103a9', '2', '2019-08-22 13:52:23', 'SYSTEM_WEB', '2019-08-22 13:52:23', 'SYSTEM_WEB', 1),
(49, 'fd5d2e75-c801-11e9-a014-0050560103a9', '2', '2019-08-26 15:51:21', 'fd5d2e75-c801-11e9-a014-0050560103a9', '2019-08-26 15:51:21', 'fd5d2e75-c801-11e9-a014-0050560103a9', 1),
(50, '3d156962-c98b-11e9-a014-0050560103a9', '2', '2019-08-28 14:35:39', '3d156962-c98b-11e9-a014-0050560103a9', '2019-08-28 14:35:39', '3d156962-c98b-11e9-a014-0050560103a9', 1),
(51, 'eb1380a1-cb3f-11e9-a014-0050560103a9', '2', '2019-08-30 18:10:19', 'eb1380a1-cb3f-11e9-a014-0050560103a9', '2019-08-30 18:10:19', 'eb1380a1-cb3f-11e9-a014-0050560103a9', 1),
(52, 'f75b2b28-cbfc-11e9-a014-0050560103a9', '2', '2019-08-31 17:07:19', 'f75b2b28-cbfc-11e9-a014-0050560103a9', '2019-08-31 17:07:19', 'f75b2b28-cbfc-11e9-a014-0050560103a9', 1),
(53, '7533f0f8-cda7-11e9-a014-0050560103a9', '2', '2019-09-02 19:55:28', '7533f0f8-cda7-11e9-a014-0050560103a9', '2019-09-02 19:55:28', '7533f0f8-cda7-11e9-a014-0050560103a9', 1),
(54, 'ccf91a00-ce15-11e9-a014-0050560103a9', '2', '2019-09-03 08:48:54', 'ccf91a00-ce15-11e9-a014-0050560103a9', '2019-09-03 08:48:54', 'ccf91a00-ce15-11e9-a014-0050560103a9', 1),
(55, '0d47d88b-ce7e-11e9-a014-0050560103a9', '2', '2019-09-03 21:42:08', '0d47d88b-ce7e-11e9-a014-0050560103a9', '2019-09-03 21:42:08', '0d47d88b-ce7e-11e9-a014-0050560103a9', 1),
(56, '9ca06504-d0dd-11e9-b025-0050560103a9', '2', '2019-09-06 21:41:55', '9ca06504-d0dd-11e9-b025-0050560103a9', '2019-09-06 21:41:55', '9ca06504-d0dd-11e9-b025-0050560103a9', 1),
(57, 'ddd0e598-d2e3-11e9-b025-0050560103a9', '2', '2019-09-09 11:32:13', 'ddd0e598-d2e3-11e9-b025-0050560103a9', '2019-09-09 11:32:13', 'ddd0e598-d2e3-11e9-b025-0050560103a9', 1),
(58, 'ad7ec99b-d572-11e9-b025-0050560103a9', '2', '2019-09-12 17:37:48', 'ad7ec99b-d572-11e9-b025-0050560103a9', '2019-09-12 17:37:48', 'ad7ec99b-d572-11e9-b025-0050560103a9', 1);

-- --------------------------------------------------------

--
-- Table structure for table `users`
--

CREATE TABLE `users` (
  `UserId` varchar(225) NOT NULL,
  `Email` varchar(225) NOT NULL,
  `CellphoneNumber` varchar(225) NOT NULL,
  `Password` varchar(25) NOT NULL,
  `CreateDate` datetime NOT NULL DEFAULT CURRENT_TIMESTAMP,
  `CreateUserId` varchar(225) NOT NULL,
  `ModifyDate` datetime NOT NULL DEFAULT CURRENT_TIMESTAMP,
  `ModifyUserId` varchar(225) NOT NULL,
  `StatusId` int(11) NOT NULL
) ENGINE=InnoDB DEFAULT CHARSET=latin1;

--
-- Dumping data for table `users`
--

INSERT INTO `users` (`UserId`, `Email`, `CellphoneNumber`, `Password`, `CreateDate`, `CreateUserId`, `ModifyDate`, `ModifyUserId`, `StatusId`) VALUES
('0004f991-baa5-11e9-9595-0050560103a9', 'khozzathembinkosi87@gmail.com', '0760717930', 'Manqoba17.', '2019-08-09 14:55:44', 'SYSTEM_WEB', '2019-08-09 14:55:44', 'SYSTEM_WEB', 3),
('00bb958f-871b-11e9-bdcc-005056010388', 'admin@citgoafrica.com', '888888888', 'pass', '2019-06-05 00:49:25', 'SYSTEM_WEB', '2019-06-05 00:49:25', 'SYSTEM_WEB', 3),
('03fb7022-a59d-11e9-9298-0050560103a9', 'erickzulu99@gmail.com', '0714375582', 'Phiwo@2015', '2019-07-13 20:35:40', 'SYSTEM_WEB', '2019-07-13 20:35:40', 'SYSTEM_WEB', 3),
('0413314a-ab2d-11e9-adc5-0050560103a9', 'small7gul@gmail.com', '0788415439', 'pass@123!', '2019-07-20 22:29:04', 'SYSTEM_WEB', '2019-07-20 22:29:04', 'SYSTEM_WEB', 4),
('06717999-b4e5-11e9-a8d5-0050560103a9', 'mncwangog@gmail.com', '0843796921', 'Gcina@2019', '2019-08-02 07:18:56', 'SYSTEM_WEB', '2019-08-02 07:18:56', 'SYSTEM_WEB', 3),
('092cf8e7-a557-11e9-9298-0050560103a9', 'Ncubemanelly@gmail.com', '0814980860', 'Gcina@2019', '2019-07-13 12:14:44', 'SYSTEM_WEB', '2019-07-13 12:14:44', 'SYSTEM_WEB', 3),
('09c72d3d-af1e-11e9-adc5-0050560103a9', 'Thembingcobo57@gmail.com', '0833670174', 'pass@123!', '2019-07-25 22:51:55', 'SYSTEM_WEB', '2019-07-25 22:51:55', 'SYSTEM_WEB', 4),
('0d47d88b-ce7e-11e9-a014-0050560103a9', 'sakhilezwilenkosi99@gmail.com', '0643082280', 'pass@123!', '2019-09-03 21:07:19', 'SYSTEM_WEB', '2019-09-03 21:07:19', 'SYSTEM_WEB', 3),
('0e1c909d-9c8b-11e9-9298-0050560103a9', 'ufketn@gmail.com', '0837475017', 'Sazee0712@', '2019-07-02 07:34:26', 'SYSTEM_WEB', '2019-07-02 07:34:26', 'SYSTEM_WEB', 3),
('0f8c45eb-a10a-11e9-9298-0050560103a9', 'thokozanilanga@gmail.com', '0724863465', 'pass@123!', '2019-07-08 00:53:39', 'SYSTEM_WEB', '2019-07-08 00:53:39', 'SYSTEM_WEB', 4),
('12dfd4c7-a3d9-11e9-9298-0050560103a9', 'mbadamanajudy@gmail.com', '0833282830', 'Luyolo@07', '2019-07-11 14:40:33', 'SYSTEM_WEB', '2019-07-11 14:40:33', 'SYSTEM_WEB', 3),
('15dc1f8e-d465-11e9-b025-0050560103a9', 'mendylondy21@gmail.com', '0649670780', 'pass@123!', '2019-09-11 09:23:43', 'SYSTEM_WEB', '2019-09-11 09:23:43', 'SYSTEM_WEB', 4),
('184d88f4-a89f-11e9-adc5-0050560103a9', '2016417368@ufs4life.ac.za', '0810757811', 'Money@2020', '2019-07-17 16:28:07', 'SYSTEM_WEB', '2019-07-17 16:28:07', 'SYSTEM_WEB', 3),
('19c1322c-c30d-11e9-a014-0050560103a9', 'nkonzo.mlambo@gmail.com', '0823483315', 'pass@123!', '2019-08-20 07:41:04', 'SYSTEM_WEB', '2019-08-20 07:41:04', 'SYSTEM_WEB', 3),
('1db23050-aa30-11e9-adc5-0050560103a9', 'mkhwantshinyuswa@gmai.com', '0615425604', 'pass@123!', '2019-07-19 16:18:44', 'SYSTEM_WEB', '2019-07-19 16:18:44', 'SYSTEM_WEB', 4),
('20385228-c2c0-11e9-912d-0050560103a9', 'xolile.lucky@gmail.com', '0658756114', 'pass@123!', '2019-08-19 22:30:04', 'SYSTEM_WEB', '2019-08-19 22:30:04', 'SYSTEM_WEB', 4),
('26a7db2b-a76b-11e9-9298-0050560103a9', 'sahmenziwa@gmail.com', '0780449984', 'Siphesihle123!', '2019-07-16 03:43:46', 'SYSTEM_WEB', '2019-07-16 03:43:46', 'SYSTEM_WEB', 3),
('2f289a42-aa52-11e9-adc5-0050560103a9', '2014208660@ufs4life.ac.za', '0822613297', 'pass@123!', '2019-07-19 20:22:36', 'SYSTEM_WEB', '2019-07-19 20:22:36', 'SYSTEM_WEB', 3),
('3844e083-a5b6-11e9-9298-0050560103a9', 'SMALLGUL7@GMAIL.COM', '0788415439', 'Phindile1.', '2019-07-13 23:36:05', 'SYSTEM_WEB', '2019-07-13 23:36:05', 'SYSTEM_WEB', 3),
('392b08ca-9fbe-11e9-9298-0050560103a9', 'guguportia@outlook.com', '0605079203', 'pass@123!', '2019-07-06 09:18:16', 'SYSTEM_WEB', '2019-07-06 09:18:16', 'SYSTEM_WEB', 4),
('3d156962-c98b-11e9-a014-0050560103a9', 'thembelihlemchunu6@gmail.com', '0769259144', '#Macingwane1', '2019-08-28 13:59:07', 'SYSTEM_WEB', '2019-08-28 13:59:07', 'SYSTEM_WEB', 3),
('3d1699d4-aa2f-11e9-adc5-0050560103a9', 'mkhwantshinyuswa@gmail.com', '0615425604', 'pass@123!', '2019-07-19 16:12:27', 'SYSTEM_WEB', '2019-07-19 16:12:27', 'SYSTEM_WEB', 4),
('425f95d1-cdac-11e9-a014-0050560103a9', 'klaasixtech@gmail.com', '0672404490', 'pass@123!', '2019-09-02 20:05:34', 'SYSTEM_WEB', '2019-09-02 20:05:34', 'SYSTEM_WEB', 4),
('4546d5c8-d70a-11e9-b025-0050560103a9', 'samkengcobo68@gmail.com', '0812689880', 'pass@123!', '2019-09-14 18:11:12', 'SYSTEM_WEB', '2019-09-14 18:11:12', 'SYSTEM_WEB', 4),
('4d8cf9d7-b47f-11e9-a8d5-0050560103a9', 'mbalenhlezulu02@gmail.com', '0827120365', 'Mbali@1991', '2019-08-01 19:10:46', 'SYSTEM_WEB', '2019-08-01 19:10:46', 'SYSTEM_WEB', 3),
('51878f09-a89d-11e9-adc5-0050560103a9', 'ndiwe039@gmail.com', '0614264143', 'Stha@5430', '2019-07-17 16:15:24', 'SYSTEM_WEB', '2019-07-17 16:15:24', 'SYSTEM_WEB', 3),
('557ed786-a6cb-11e9-9298-0050560103a9', 'neowagabotlhaelwe@gmail.com', '0725654091', 'Neozene@82', '2019-07-15 08:39:45', 'SYSTEM_WEB', '2019-07-15 08:39:45', 'SYSTEM_WEB', 3),
('5ef05c36-bd6c-11e9-912d-0050560103a9', 'saz@gmal.com', '000000000000000', 'pass@123!', '2019-08-13 03:47:55', 'SYSTEM_WEB', '2019-08-13 03:47:55', 'SYSTEM_WEB', 4),
('61da7626-c061-11e9-912d-0050560103a9', 'moletsanepuleng44@gmail.com', '0835449105', 'pass@123!', '2019-08-16 22:06:49', 'SYSTEM_WEB', '2019-08-16 22:06:49', 'SYSTEM_WEB', 3),
('62df6dd5-c409-11e9-a014-0050560103a9', 'pamgem@gmail.com', '0631708051', 'Masesane@1', '2019-08-21 13:47:00', 'SYSTEM_WEB', '2019-08-21 13:47:00', 'SYSTEM_WEB', 3),
('65a72d5e-a24b-11e9-9298-0050560103a9', 'tozybuthelezi@gmail.com', '0844726794', 'Asilwazi@1023', '2019-07-09 15:13:52', 'SYSTEM_WEB', '2019-07-09 15:13:52', 'SYSTEM_WEB', 3),
('671810c9-a816-11e9-adc5-0050560103a9', 'ndiwe791@gmail.com', '0787910359', 'pass@123!', '2019-07-17 00:09:38', 'SYSTEM_WEB', '2019-07-17 00:09:38', 'SYSTEM_WEB', 3),
('6798af17-a93b-11e9-adc5-0050560103a9', 'elsieluvuno4@gmail.com', '0726934643', 'pass@123!', '2019-07-18 11:07:01', 'SYSTEM_WEB', '2019-07-18 11:07:01', 'SYSTEM_WEB', 4),
('69573a39-9d03-11e9-9298-0050560103a9', 'mrnnmthembu@gmail.com', '0725698888', 'Stha@5430', '2019-07-02 21:55:58', 'SYSTEM_WEB', '2019-07-02 21:55:58', 'SYSTEM_WEB', 3),
('699dc24f-9f1b-11e9-9298-0050560103a9', 'shembeboy@gmail.com', '0721154419', 'Lthzam00$', '2019-07-05 13:52:49', 'SYSTEM_WEB', '2019-07-05 13:52:49', 'SYSTEM_WEB', 3),
('6c7d24da-c0bd-11e9-912d-0050560103a9', 'mnrtshite@gmail.com', '0781812241', 'cwh544fS.', '2019-08-17 09:05:41', 'SYSTEM_WEB', '2019-08-17 09:05:41', 'SYSTEM_WEB', 3),
('7533f0f8-cda7-11e9-a014-0050560103a9', 'lomamuyunda@gmail.com', '0722258665', '@Lm861011#', '2019-09-02 19:31:12', 'SYSTEM_WEB', '2019-09-02 19:31:12', 'SYSTEM_WEB', 3),
('76aa3741-9d84-11e9-9298-0050560103a9', 'sazee0712@gmail.com', '0837475018', 'Sazee0712@', '2019-07-03 13:19:46', 'SYSTEM_WEB', '2019-07-03 13:19:46', 'SYSTEM_WEB', 3),
('76b6c83c-c2bb-11e9-912d-0050560103a9', 'sbu.mabonga@yahoo.com', '0790357674', 'Pono@se09', '2019-08-19 21:56:41', 'SYSTEM_WEB', '2019-08-19 21:56:41', 'SYSTEM_WEB', 3),
('7d18976c-b23d-11e9-b7ed-0050560103a9', 'biyoophindile@gmail.com', '0760717930', 'Thokozani1.', '2019-07-29 22:14:37', 'SYSTEM_WEB', '2019-07-29 22:14:37', 'SYSTEM_WEB', 3),
('826e78d0-a8ca-11e9-adc5-0050560103a9', 'bonganimxolisi74@gmail.com', '0820603149', 'pass@123!', '2019-07-17 21:38:53', 'SYSTEM_WEB', '2019-07-17 21:38:53', 'SYSTEM_WEB', 3),
('82ed47b1-a4de-11e9-9298-0050560103a9', 'nandiphabotha3@gmail.com', '0614668467', 'pass@123!', '2019-07-12 21:51:59', 'SYSTEM_WEB', '2019-07-12 21:51:59', 'SYSTEM_WEB', 4),
('83b431fb-a7b8-11e9-9298-0050560103a9', 'mattandyncube@gmail.com', '0797267702', '$olwazI07', '2019-07-16 12:57:33', 'SYSTEM_WEB', '2019-07-16 12:57:33', 'SYSTEM_WEB', 3),
('84d239ac-b4fe-11e9-a8d5-0050560103a9', 'zwelidut@gmail.com', '0714425028', 'Zweli@05', '2019-08-02 10:21:25', 'SYSTEM_WEB', '2019-08-02 10:21:25', 'SYSTEM_WEB', 3),
('87057b6f-9d87-11e9-9298-0050560103a9', 'lettiekunene25@gmail.com', '0829768950', 'Kunene@0908', '2019-07-03 13:41:42', 'SYSTEM_WEB', '2019-07-03 13:41:42', 'SYSTEM_WEB', 3),
('8b80c0c8-d3e2-11e9-b025-0050560103a9', 'smg.ngalonde@gmail.com', '0832871478', 'pass@123!', '2019-09-10 17:49:16', 'SYSTEM_WEB', '2019-09-10 17:49:16', 'SYSTEM_WEB', 4),
('90ab9c5f-a20a-11e9-9298-0050560103a9', 'sfisondlazi@gmail.com', '0784538217', 'CFiso@1998', '2019-07-09 07:29:47', 'SYSTEM_WEB', '2019-07-09 07:29:47', 'SYSTEM_WEB', 3),
('92813a93-a88e-11e9-adc5-0050560103a9', 'lihlet908@gmail.com', '0817180450', 'pass@123!', '2019-07-17 14:29:50', 'SYSTEM_WEB', '2019-07-17 14:29:50', 'SYSTEM_WEB', 4),
('980d340e-9f12-11e9-9298-0050560103a9', 'providerbonnah@gmail.com', '0720933656', 'pass@123!', '2019-07-05 12:49:42', 'SYSTEM_WEB', '2019-07-05 12:49:42', 'SYSTEM_WEB', 4),
('9ca06504-d0dd-11e9-b025-0050560103a9', 'bonosithole@icloud.com', '0815953459', '1001940Email@', '2019-09-06 21:36:24', 'SYSTEM_WEB', '2019-09-06 21:36:24', 'SYSTEM_WEB', 3),
('a3310f0f-b6c6-11e9-a8d5-0050560103a9', 'mpondombi82@gmail.com', '0730165005', 'Phumzile@1921', '2019-08-04 16:46:26', 'SYSTEM_WEB', '2019-08-04 16:46:26', 'SYSTEM_WEB', 3),
('a3c044a7-bd68-11e9-912d-0050560103a9', 'saz@gmail.com', '000000000000000', 'pass@123!', '2019-08-13 03:21:13', 'SYSTEM_WEB', '2019-08-13 03:21:13', 'SYSTEM_WEB', 4),
('ad7ec99b-d572-11e9-b025-0050560103a9', 'sqinisekok98@gmail.com', '0847668019', '199810Sa_', '2019-09-12 17:33:32', 'SYSTEM_WEB', '2019-09-12 17:33:32', 'SYSTEM_WEB', 3),
('af4cb6af-b217-11e9-b7ed-0050560103a9', 'khule870127@gmail.com', '0731971567', 'Khule870127.', '2019-07-29 17:44:00', 'SYSTEM_WEB', '2019-07-29 17:44:00', 'SYSTEM_WEB', 3),
('bac04d4e-c0e7-11e9-912d-0050560103a9', 'mandlondlo64@gmail.com', '0724944415', 'Z@mani33', '2019-08-17 14:08:31', 'SYSTEM_WEB', '2019-08-17 14:08:31', 'SYSTEM_WEB', 3),
('bee142af-9fbb-11e9-9298-0050560103a9', 'kubhekabenzile@gmail.com', '0724230259', 'pass@123!', '2019-07-06 09:00:32', 'SYSTEM_WEB', '2019-07-06 09:00:32', 'SYSTEM_WEB', 4),
('c1479c8a-beaf-11e9-912d-0050560103a9', 'nokuthula2mtambo@gmail.com', '0798046262', 'pass@123!', '2019-08-14 18:22:48', 'SYSTEM_WEB', '2019-08-14 18:22:48', 'SYSTEM_WEB', 4),
('c27e56a3-9e6e-11e9-9298-0050560103a9', 'citgoafrica@gmail.com', '0765217054', 'Sazee0712@', '2019-07-04 17:16:55', 'SYSTEM_WEB', '2019-07-04 17:16:55', 'SYSTEM_WEB', 3),
('c327aadd-c28d-11e9-912d-0050560103a9', 'kalinhl09@gmail.com', '0825398085', 'Noma@1975', '2019-08-19 16:29:33', 'SYSTEM_WEB', '2019-08-19 16:29:33', 'SYSTEM_WEB', 3),
('c3f92e43-ac41-11e9-adc5-0050560103a9', 'tbkhoza@gmail.com', '0815610761', 'pass@123!', '2019-07-22 07:30:07', 'SYSTEM_WEB', '2019-07-22 07:30:07', 'SYSTEM_WEB', 4),
('c464f834-a84e-11e9-adc5-0050560103a9', 'minenhlekhum@gmail.com', '0720213453', 'Mini@1997', '2019-07-17 06:53:06', 'SYSTEM_WEB', '2019-07-17 06:53:06', 'SYSTEM_WEB', 3),
('c5029264-c03f-11e9-912d-0050560103a9', 'l.danny7@icloud.com', '0837988275', 'pass@123!', '2019-08-16 18:06:13', 'SYSTEM_WEB', '2019-08-16 18:06:13', 'SYSTEM_WEB', 3),
('cc4e7fb1-a8c5-11e9-adc5-0050560103a9', 'khuzwayolebohang@gmail.com', '0634875161', 'Sbohang6520@', '2019-07-17 21:05:10', 'SYSTEM_WEB', '2019-07-17 21:05:10', 'SYSTEM_WEB', 3),
('ccf91a00-ce15-11e9-a014-0050560103a9', 'bhekuyisemthe4@gmail.com', '0765857368', 'Eric@1980', '2019-09-03 08:41:04', 'SYSTEM_WEB', '2019-09-03 08:41:04', 'SYSTEM_WEB', 3),
('cda7a12d-a13f-11e9-9298-0050560103a9', 'andilemadlala471@gmail.com', '+27715554839', 'pass@123!', '2019-07-08 07:18:21', 'SYSTEM_WEB', '2019-07-08 07:18:21', 'SYSTEM_WEB', 4),
('da1e17f3-9c88-11e9-9298-0050560103a9', 'ncubem@webmail.co.za', '+27736663016', 'Maguyaah@033', '2019-07-02 07:18:40', 'SYSTEM_WEB', '2019-07-02 07:18:40', 'SYSTEM_WEB', 3),
('dc6dced0-a8d1-11e9-adc5-0050560103a9', 'ndiwe5430@gmail.com', '0835144080', 'pass@123!', '2019-07-17 22:31:31', 'SYSTEM_WEB', '2019-07-17 22:31:31', 'SYSTEM_WEB', 3),
('ddd0e598-d2e3-11e9-b025-0050560103a9', 'lmvubu@lsfoundation.co.za', '0834852872', 'pass@123!', '2019-09-09 11:26:13', 'SYSTEM_WEB', '2019-09-09 11:26:13', 'SYSTEM_WEB', 3),
('e305cf82-a427-11e9-9298-0050560103a9', 'nzimandebs@gmail.com', '0648282674', 'Nomandla71%', '2019-07-12 00:04:43', 'SYSTEM_WEB', '2019-07-12 00:04:43', 'SYSTEM_WEB', 4),
('e5a2d54f-a3e6-11e9-9298-0050560103a9', 'spokesxtu@yahoo.com', '0783238552', 'pass@123!', '2019-07-11 16:19:30', 'SYSTEM_WEB', '2019-07-11 16:19:30', 'SYSTEM_WEB', 4),
('e5b9bf70-a911-11e9-adc5-0050560103a9', 'mthoko860824@gmail.com', '+27659629687', '@Mthoko24', '2019-07-18 06:09:54', 'SYSTEM_WEB', '2019-07-18 06:09:54', 'SYSTEM_WEB', 3),
('e69a6146-d07f-11e9-b025-0050560103a9', 'sandilemarras@gmail.com', '0789488909', 'pass@123!', '2019-09-06 10:25:35', 'SYSTEM_WEB', '2019-09-06 10:25:35', 'SYSTEM_WEB', 4),
('e7d99c5b-be67-11e9-912d-0050560103a9', 'phumlane.jonny5@gmail.com', '0765069371', 'Phumla#45', '2019-08-14 09:48:29', 'SYSTEM_WEB', '2019-08-14 09:48:29', 'SYSTEM_WEB', 3),
('e877c81a-af84-11e9-adc5-0050560103a9', 'silungileluvuno505@gmail.com', '0815636560', 'Khunjuliwe@95', '2019-07-26 11:08:18', 'SYSTEM_WEB', '2019-07-26 11:08:18', 'SYSTEM_WEB', 3),
('eb1380a1-cb3f-11e9-a014-0050560103a9', 'malibongwe.owami@gmail.com', '0727678460', 'Malibongwe1123.', '2019-08-30 18:04:59', 'SYSTEM_WEB', '2019-08-30 18:04:59', 'SYSTEM_WEB', 3),
('edf89554-b527-11e9-a8d5-0050560103a9', 'nshangase@cataler.co.za', '0726082499', 'pass@123!', '2019-08-02 15:17:51', 'SYSTEM_WEB', '2019-08-02 15:17:51', 'SYSTEM_WEB', 4),
('f009dacb-9d01-11e9-9298-0050560103a9', 'khumalomelukeli@gmail.com', '0762330633', '1990@Lizwi', '2019-07-02 21:45:25', 'SYSTEM_WEB', '2019-07-02 21:45:25', 'SYSTEM_WEB', 3),
('f3cb9107-9d8a-11e9-9298-0050560103a9', 'budula@webmail.co.za', '0789406103', 'Mpondombi@8119', '2019-07-03 14:06:13', 'SYSTEM_WEB', '2019-07-03 14:06:13', 'SYSTEM_WEB', 3),
('f40be177-aa4f-11e9-adc5-0050560103a9', 'samumbatha22@gmail.com', 'O822613297', 'pass@123!', '2019-07-19 20:06:38', 'SYSTEM_WEB', '2019-07-19 20:06:38', 'SYSTEM_WEB', 4),
('f75b2b28-cbfc-11e9-a014-0050560103a9', 'sitholsi@icloud.com', '0739438964', 'Ngqikazi@1470', '2019-08-31 16:38:15', 'SYSTEM_WEB', '2019-08-31 16:38:15', 'SYSTEM_WEB', 3),
('fba4f1a1-aa34-11e9-adc5-0050560103a9', 'sibanisezweshabangu@yahoo.com', '0761850437', 'Nyembezi@0437', '2019-07-19 16:53:34', 'SYSTEM_WEB', '2019-07-19 16:53:34', 'SYSTEM_WEB', 3),
('fd5d2e75-c801-11e9-a014-0050560103a9', 'busikunene1971@gmail.com', '0760782246', 'Busie@71', '2019-08-26 15:04:08', 'SYSTEM_WEB', '2019-08-26 15:04:08', 'SYSTEM_WEB', 3),
('ff7f67ea-aacd-11e9-adc5-0050560103a9', 'mafiri.snm23@gmail.com', '0767739325', 'pass@123!', '2019-07-20 11:08:54', 'SYSTEM_WEB', '2019-07-20 11:08:54', 'SYSTEM_WEB', 4);

-- --------------------------------------------------------

--
-- Table structure for table `withdrawal`
--

CREATE TABLE `withdrawal` (
  `WithdrawalId` varchar(225) NOT NULL,
  `Amount` decimal(10,0) NOT NULL,
  `CreateDate` datetime NOT NULL DEFAULT CURRENT_TIMESTAMP,
  `CreateUserId` varchar(225) NOT NULL,
  `ModifyDate` datetime NOT NULL DEFAULT CURRENT_TIMESTAMP,
  `ModifyUserId` varchar(225) NOT NULL,
  `StatusId` int(11) NOT NULL,
  `ClientId` varchar(225) NOT NULL
) ENGINE=InnoDB DEFAULT CHARSET=latin1;

--
-- Dumping data for table `withdrawal`
--

INSERT INTO `withdrawal` (`WithdrawalId`, `Amount`, `CreateDate`, `CreateUserId`, `ModifyDate`, `ModifyUserId`, `StatusId`, `ClientId`) VALUES
('06fde797-c2d5-11e9-a014-0050560103a9', 750, '2019-08-20 00:59:41', 'cc4e7fb1-a8c5-11e9-adc5-0050560103a9', '2019-09-02 20:12:25', 'cc4ec376-a8c5-11e9-adc5-0050560103a9', 1, 'cc4ec376-a8c5-11e9-adc5-0050560103a9'),
('137c6fc0-b8e4-11e9-9595-0050560103a9', 2500, '2019-08-07 09:22:13', '0e1c909d-9c8b-11e9-9298-0050560103a9', '2019-08-07 09:23:33', 'Admin', 5, '0e1ccd78-9c8b-11e9-9298-0050560103a9'),
('2f640fb6-bdf3-11e9-912d-0050560103a9', 1000, '2019-08-13 19:52:58', '0e1c909d-9c8b-11e9-9298-0050560103a9', '2019-08-13 20:00:25', '0e1ccd78-9c8b-11e9-9298-0050560103a9', 1, '0e1ccd78-9c8b-11e9-9298-0050560103a9'),
('4b3cd0af-c2fd-11e9-a014-0050560103a9', 9000, '2019-08-20 05:47:55', '3844e083-a5b6-11e9-9298-0050560103a9', '2019-09-02 06:49:03', 'Admin', 4, '38455b50-a5b6-11e9-9298-0050560103a9'),
('59abf805-c20b-11e9-912d-0050560103a9', 9050, '2019-08-19 00:56:01', 'f009dacb-9d01-11e9-9298-0050560103a9', '2019-09-02 07:18:21', 'f00a2e2e-9d01-11e9-9298-0050560103a9', 1, 'f00a2e2e-9d01-11e9-9298-0050560103a9'),
('6c2bd552-b8d8-11e9-9595-0050560103a9', 1000, '2019-08-07 07:58:47', '0e1c909d-9c8b-11e9-9298-0050560103a9', '2019-08-07 08:21:15', '0e1ccd78-9c8b-11e9-9298-0050560103a9', 1, '0e1ccd78-9c8b-11e9-9298-0050560103a9'),
('6dea619e-ca6f-11e9-a014-0050560103a9', 900, '2019-08-29 17:12:34', 'af4cb6af-b217-11e9-b7ed-0050560103a9', '2019-09-02 07:26:51', 'af4cfa2f-b217-11e9-b7ed-0050560103a9', 1, 'af4cfa2f-b217-11e9-b7ed-0050560103a9'),
('80655878-bf29-11e9-912d-0050560103a9', 1500, '2019-08-15 08:54:18', '26a7db2b-a76b-11e9-9298-0050560103a9', '2019-09-06 16:08:33', '26a85cce-a76b-11e9-9298-0050560103a9', 1, '26a85cce-a76b-11e9-9298-0050560103a9'),
('936f0e50-b8dc-11e9-9595-0050560103a9', 750, '2019-08-07 08:28:31', '0e1c909d-9c8b-11e9-9298-0050560103a9', '2019-08-07 08:42:13', '0e1ccd78-9c8b-11e9-9298-0050560103a9', 1, '0e1ccd78-9c8b-11e9-9298-0050560103a9'),
('a27d6ca9-c9d0-11e9-a014-0050560103a9', 1500, '2019-08-28 22:15:52', '092cf8e7-a557-11e9-9298-0050560103a9', '2019-09-02 07:50:20', '0935bdf1-a557-11e9-9298-0050560103a9', 1, '0935bdf1-a557-11e9-9298-0050560103a9'),
('a4cd1a1d-c7ec-11e9-a014-0050560103a9', 750, '2019-08-26 12:31:20', 'e877c81a-af84-11e9-adc5-0050560103a9', '2019-09-02 20:23:28', 'e8784dfc-af84-11e9-adc5-0050560103a9', 1, 'e8784dfc-af84-11e9-adc5-0050560103a9'),
('be9c0089-b8fd-11e9-9595-0050560103a9', 1000, '2019-08-07 12:25:57', '0e1c909d-9c8b-11e9-9298-0050560103a9', '2019-08-07 12:29:26', '0e1ccd78-9c8b-11e9-9298-0050560103a9', 1, '0e1ccd78-9c8b-11e9-9298-0050560103a9'),
('cde638b7-c375-11e9-a014-0050560103a9', 7000, '2019-08-20 20:10:34', 'fba4f1a1-aa34-11e9-adc5-0050560103a9', '2019-09-02 20:29:23', 'fba5699a-aa34-11e9-adc5-0050560103a9', 1, 'fba5699a-aa34-11e9-adc5-0050560103a9'),
('d339bd66-c80d-11e9-a014-0050560103a9', 1000, '2019-08-26 16:28:51', '184d88f4-a89f-11e9-adc5-0050560103a9', '2019-09-02 17:58:16', '184e393f-a89f-11e9-adc5-0050560103a9', 1, '184e393f-a89f-11e9-adc5-0050560103a9'),
('d4423ce6-b8e5-11e9-9595-0050560103a9', 1250, '2019-08-07 09:34:45', '0e1c909d-9c8b-11e9-9298-0050560103a9', '2019-08-07 09:52:17', '0e1ccd78-9c8b-11e9-9298-0050560103a9', 1, '0e1ccd78-9c8b-11e9-9298-0050560103a9'),
('da7dc016-b92e-11e9-9595-0050560103a9', 1000, '2019-08-07 18:17:29', '0e1c909d-9c8b-11e9-9298-0050560103a9', '2019-08-07 18:19:34', '0e1ccd78-9c8b-11e9-9298-0050560103a9', 1, '0e1ccd78-9c8b-11e9-9298-0050560103a9'),
('e8cd7512-c8c0-11e9-a014-0050560103a9', 5500, '2019-08-27 13:50:47', 'f3cb9107-9d8a-11e9-9298-0050560103a9', '2019-09-02 20:22:09', 'f3cbe683-9d8a-11e9-9298-0050560103a9', 1, 'f3cbe683-9d8a-11e9-9298-0050560103a9');

--
-- Indexes for dumped tables
--

--
-- Indexes for table `bankingdetails`
--
ALTER TABLE `bankingdetails`
  ADD PRIMARY KEY (`BankingDetailsId`);

--
-- Indexes for table `beneficiaries`
--
ALTER TABLE `beneficiaries`
  ADD PRIMARY KEY (`BeneficiaryId`);

--
-- Indexes for table `bonus`
--
ALTER TABLE `bonus`
  ADD PRIMARY KEY (`bonusId`);

--
-- Indexes for table `clients`
--
ALTER TABLE `clients`
  ADD PRIMARY KEY (`ClientId`),
  ADD UNIQUE KEY `ClientRef` (`ClientRef`);

--
-- Indexes for table `documents`
--
ALTER TABLE `documents`
  ADD PRIMARY KEY (`DocumentId`);

--
-- Indexes for table `investment`
--
ALTER TABLE `investment`
  ADD PRIMARY KEY (`InvestmentId`);

--
-- Indexes for table `profit`
--
ALTER TABLE `profit`
  ADD PRIMARY KEY (`ProfitId`);

--
-- Indexes for table `roles`
--
ALTER TABLE `roles`
  ADD PRIMARY KEY (`RoleId`);

--
-- Indexes for table `statuses`
--
ALTER TABLE `statuses`
  ADD PRIMARY KEY (`StatusId`);

--
-- Indexes for table `transactionhistory`
--
ALTER TABLE `transactionhistory`
  ADD PRIMARY KEY (`TransactionHistoryId`);

--
-- Indexes for table `userroles`
--
ALTER TABLE `userroles`
  ADD PRIMARY KEY (`Id`);

--
-- Indexes for table `users`
--
ALTER TABLE `users`
  ADD PRIMARY KEY (`UserId`);

--
-- Indexes for table `withdrawal`
--
ALTER TABLE `withdrawal`
  ADD PRIMARY KEY (`WithdrawalId`);

--
-- AUTO_INCREMENT for dumped tables
--

--
-- AUTO_INCREMENT for table `clients`
--
ALTER TABLE `clients`
  MODIFY `ClientRef` int(10) NOT NULL AUTO_INCREMENT, AUTO_INCREMENT=85;

--
-- AUTO_INCREMENT for table `roles`
--
ALTER TABLE `roles`
  MODIFY `RoleId` int(11) NOT NULL AUTO_INCREMENT, AUTO_INCREMENT=3;

--
-- AUTO_INCREMENT for table `statuses`
--
ALTER TABLE `statuses`
  MODIFY `StatusId` int(11) NOT NULL AUTO_INCREMENT;

--
-- AUTO_INCREMENT for table `userroles`
--
ALTER TABLE `userroles`
  MODIFY `Id` int(11) NOT NULL AUTO_INCREMENT, AUTO_INCREMENT=59;
COMMIT;

/*!40101 SET CHARACTER_SET_CLIENT=@OLD_CHARACTER_SET_CLIENT */;
/*!40101 SET CHARACTER_SET_RESULTS=@OLD_CHARACTER_SET_RESULTS */;
/*!40101 SET COLLATION_CONNECTION=@OLD_COLLATION_CONNECTION */;
